session,ep,total_duration_sec,n_turns,avg_turn_length_sec,avg_response_latency,n_speakers,gini_coefficient,question_count,question_density,avg_utt_length_words,challenge_rate,C_rate,E_rate,M_rate,T_rate,dominant_challenge,regulation_rate,MC_rate,TA_rate,RA_rate,dominant_regulation,ta_annotated
1,0,3,1,3.0,0.0,1,0.0,0,0.0,6.0,0.0,0.0,0.0,0.0,0.0,none,0.0,0.0,0.0,0.0,none,True
1,1,411,9,44.67,1.12,2,0.256,7,0.778,94.67,0.333,0.222,0.111,0.0,0.0,C,0.222,0.222,0.0,0.0,MC,True
1,2,68,4,16.0,1.33,2,0.422,0,0.0,18.0,0.25,0.0,0.0,0.25,0.0,M,0.5,0.5,0.0,0.0,MC,True
1,3,198,15,13.0,0.21,5,0.699,4,0.267,27.2,0.0,0.0,0.0,0.0,0.0,none,1.0,1.0,0.0,0.0,MC,True
1,4,93,16,5.0,0.87,4,0.306,8,0.5,10.31,0.125,0.125,0.0,0.0,0.0,C,0.625,0.625,0.0,0.0,MC,True
1,5,92,13,6.15,1.0,5,0.535,3,0.231,13.15,0.077,0.077,0.0,0.0,0.0,C,0.692,0.692,0.0,0.0,MC,True
1,6,218,19,10.11,1.44,5,0.592,9,0.474,23.68,0.421,0.421,0.0,0.0,0.0,C,0.368,0.368,0.0,0.0,MC,True
1,7,6,1,6.0,0.0,1,0.0,0,0.0,13.0,1.0,0.0,1.0,0.0,0.0,E,1.0,1.0,0.0,0.0,MC,True
1,8,96,10,9.4,0.22,5,0.311,4,0.4,19.0,0.4,0.4,0.0,0.0,0.0,C,0.5,0.5,0.0,0.0,MC,True
1,9,90,9,9.22,0.88,3,0.41,3,0.333,19.22,0.111,0.111,0.0,0.0,0.0,C,0.889,0.889,0.0,0.0,MC,True
1,10,256,9,24.22,4.75,4,0.463,4,0.444,47.78,0.111,0.111,0.0,0.0,0.0,C,0.111,0.111,0.0,0.0,MC,True
1,11,88,6,9.67,6.0,4,0.672,5,0.833,26.5,0.0,0.0,0.0,0.0,0.0,none,0.333,0.0,0.0,0.333,RA,True
1,12,67,6,8.17,3.6,3,0.612,0,0.0,17.83,0.167,0.167,0.0,0.0,0.0,C,0.167,0.167,0.0,0.0,MC,True
1,13,193,14,9.71,4.38,4,0.254,4,0.286,14.57,0.214,0.143,0.071,0.0,0.0,C,0.5,0.5,0.0,0.0,MC,True
1,14,269,28,8.46,1.19,5,0.684,13,0.464,19.75,0.143,0.143,0.0,0.0,0.0,C,0.464,0.464,0.0,0.0,MC,True
1,15,147,13,8.62,2.92,4,0.375,6,0.462,20.62,0.231,0.077,0.0,0.154,0.0,M,0.769,0.769,0.0,0.0,MC,True
1,16,333,14,22.57,1.31,3,0.247,5,0.357,43.36,0.214,0.214,0.0,0.0,0.0,C,0.5,0.5,0.0,0.0,MC,True
1,17,112,8,14.0,0.0,3,0.226,2,0.25,29.25,0.25,0.125,0.0,0.125,0.0,C,0.5,0.5,0.0,0.0,MC,True
1,18,45,2,22.5,0.0,2,0.389,0,0.0,38.5,0.0,0.0,0.0,0.0,0.0,none,0.0,0.0,0.0,0.0,none,True
1,19,76,6,12.5,0.2,4,0.257,3,0.5,19.33,0.167,0.0,0.0,0.167,0.0,M,0.833,0.833,0.0,0.0,MC,True
1,20,112,6,16.33,2.8,4,0.628,1,0.167,29.5,0.167,0.0,0.0,0.167,0.0,M,0.5,0.5,0.0,0.0,MC,True
1,21,5,2,2.5,0.0,2,0.1,1,0.5,9.0,0.5,0.5,0.0,0.0,0.0,C,0.5,0.5,0.0,0.0,MC,True
1,22,197,21,8.05,1.4,5,0.447,8,0.381,14.76,0.143,0.143,0.0,0.0,0.0,C,0.286,0.286,0.0,0.0,MC,True
1,23,37,5,5.2,2.75,3,0.103,1,0.2,11.6,0.2,0.2,0.0,0.0,0.0,C,0.0,0.0,0.0,0.0,none,True
1,24,108,8,13.5,0.0,5,0.626,3,0.375,28.75,0.25,0.125,0.0,0.125,0.0,C,0.375,0.375,0.0,0.0,MC,True
1,25,183,8,19.12,4.29,3,0.462,3,0.375,44.25,0.0,0.0,0.0,0.0,0.0,none,0.375,0.375,0.0,0.0,MC,True
2,0,8,1,8.0,0.0,1,0.0,0,0.0,21.0,0.0,0.0,0.0,0.0,0.0,none,0.0,0.0,,0.0,none,False
2,1,2,1,2.0,0.0,1,0.0,0,0.0,4.0,0.0,0.0,0.0,0.0,0.0,none,0.0,0.0,,0.0,none,False
2,2,157,12,5.75,8.0,3,0.116,4,0.333,10.17,0.083,0.0,0.0,0.0,0.083,T,0.75,0.75,,0.0,MC,False
2,3,282,13,4.38,18.75,2,0.026,6,0.462,9.0,0.0,0.0,0.0,0.0,0.0,none,0.538,0.0,,0.538,RA,False
2,4,706,48,7.9,6.96,4,0.307,8,0.167,15.83,0.083,0.083,0.0,0.0,0.0,C,0.396,0.396,,0.0,MC,False
2,5,230,17,6.35,7.62,4,0.264,4,0.235,12.29,0.059,0.059,0.0,0.0,0.0,C,0.412,0.412,,0.0,MC,False
2,6,7,2,3.0,1.0,2,0.167,1,0.5,6.0,0.0,0.0,0.0,0.0,0.0,none,0.0,0.0,,0.0,none,False
2,7,107,10,5.6,5.67,4,0.205,2,0.2,11.8,0.2,0.0,0.0,0.2,0.0,M,0.9,0.9,,0.0,MC,False
2,8,49,2,24.5,0.0,2,0.357,1,0.5,37.0,0.0,0.0,0.0,0.0,0.0,none,1.0,1.0,,0.0,MC,False
2,9,28,3,9.33,0.0,2,0.321,1,0.333,14.67,0.0,0.0,0.0,0.0,0.0,none,0.333,0.333,,0.0,MC,False
2,10,106,6,17.5,0.2,2,0.405,1,0.167,27.0,0.0,0.0,0.0,0.0,0.0,none,0.167,0.167,,0.0,MC,False
2,11,19,6,2.5,0.8,2,0.167,1,0.167,5.5,0.0,0.0,0.0,0.0,0.0,none,0.833,0.833,,0.0,MC,False
2,12,50,9,4.89,0.75,4,0.523,2,0.222,9.0,0.111,0.111,0.0,0.0,0.0,C,0.667,0.667,,0.0,MC,False
2,13,197,8,24.0,0.71,3,0.309,2,0.25,43.0,0.0,0.0,0.0,0.0,0.0,none,0.0,0.0,,0.0,none,False
2,14,48,6,6.67,1.6,3,0.467,3,0.5,13.5,0.333,0.0,0.0,0.333,0.0,M,0.0,0.0,,0.0,none,False
2,15,18,3,6.0,0.0,2,0.444,1,0.333,4.33,0.667,0.0,0.333,0.333,0.0,E,0.333,0.333,,0.0,MC,False
2,16,207,29,5.17,2.04,3,0.249,8,0.276,11.1,0.069,0.069,0.0,0.0,0.0,C,0.345,0.345,,0.0,MC,False
2,17,13,1,13.0,0.0,1,0.0,1,1.0,12.0,0.0,0.0,0.0,0.0,0.0,none,0.0,0.0,,0.0,none,False
2,18,17,5,1.8,2.0,2,0.056,2,0.4,5.6,0.2,0.0,0.0,0.0,0.2,T,0.6,0.6,,0.0,MC,False
2,19,9,2,4.0,1.0,2,0.375,1,0.5,15.0,0.5,0.5,0.0,0.0,0.0,C,0.5,0.5,,0.0,MC,False
2,20,61,7,7.43,1.5,3,0.269,1,0.143,19.43,0.143,0.143,0.0,0.0,0.0,C,0.143,0.143,,0.0,MC,False
2,21,162,11,13.73,1.1,3,0.34,1,0.091,27.0,0.182,0.182,0.0,0.0,0.0,C,0.364,0.364,,0.0,MC,False
2,22,89,8,11.12,0.0,3,0.367,2,0.25,22.38,0.125,0.0,0.0,0.125,0.0,M,0.0,0.0,,0.0,none,False
2,23,36,6,5.67,0.4,2,0.294,1,0.167,12.33,0.167,0.0,0.167,0.0,0.0,E,0.167,0.167,,0.0,MC,False
2,24,297,19,13.63,2.11,3,0.19,7,0.368,25.26,0.158,0.158,0.0,0.0,0.0,C,0.474,0.474,,0.0,MC,False
2,25,268,20,9.0,4.63,4,0.55,4,0.2,9.9,0.15,0.15,0.0,0.0,0.0,C,0.45,0.45,,0.0,MC,False
2,26,40,8,4.62,0.43,3,0.306,0,0.0,11.38,0.125,0.125,0.0,0.0,0.0,C,0.625,0.625,,0.0,MC,False
2,27,214,12,8.83,9.82,3,0.226,1,0.083,14.5,0.083,0.083,0.0,0.0,0.0,C,0.5,0.5,,0.0,MC,False
3,0,35,5,7.0,0.0,2,0.014,3,0.6,9.8,0.2,0.2,0.0,0.2,0.0,C,0.6,0.6,,0.0,MC,False
3,1,3,1,3.0,0.0,1,0.0,0,0.0,6.0,0.0,0.0,0.0,0.0,0.0,none,0.0,0.0,,0.0,none,False
3,2,18,9,2.0,0.0,2,0.278,2,0.222,3.89,0.222,0.0,0.0,0.0,0.222,T,0.778,0.778,,0.0,MC,False
3,3,15,4,3.75,0.0,2,0.1,2,0.5,11.0,0.25,0.0,0.25,0.0,0.0,E,0.75,0.75,,0.0,MC,False
3,4,3,2,1.5,0.0,2,0.167,1,0.5,3.0,0.5,0.0,0.0,0.0,0.5,T,0.5,0.5,,0.0,MC,False
3,5,12,4,2.25,1.0,2,0.389,1,0.25,4.5,0.0,0.0,0.0,0.0,0.0,none,0.0,0.0,,0.0,none,False
3,6,12,1,12.0,0.0,1,0.0,0,0.0,9.0,0.0,0.0,0.0,0.0,0.0,none,1.0,1.0,,0.0,MC,False
3,7,27,4,6.75,0.0,2,0.241,1,0.25,10.5,0.25,0.0,0.0,0.25,0.0,M,0.25,0.25,,0.0,MC,False
3,8,106,4,2.0,32.67,2,0.375,1,0.25,5.0,0.25,0.0,0.0,0.25,0.0,M,0.25,0.25,,0.0,MC,False
3,9,25,10,2.4,0.11,3,0.333,2,0.2,6.0,0.1,0.0,0.0,0.1,0.0,M,0.4,0.4,,0.0,MC,False
3,10,168,20,6.05,2.47,5,0.612,3,0.15,14.7,0.15,0.0,0.0,0.05,0.1,T,0.95,0.95,,0.0,MC,False
3,11,16,6,1.67,1.2,2,0.1,4,0.667,3.67,0.0,0.0,0.0,0.0,0.0,none,0.0,0.0,,0.0,none,False
3,12,395,26,15.19,0.0,4,0.617,6,0.231,29.08,0.038,0.038,0.0,0.0,0.0,C,0.962,0.962,,0.0,MC,False
3,13,1,1,1.0,0.0,1,0.0,0,0.0,8.0,0.0,0.0,0.0,0.0,0.0,none,0.0,0.0,,0.0,none,False
3,14,10,4,1.75,1.0,2,0.214,3,0.75,3.25,0.25,0.0,0.0,0.25,0.0,M,0.0,0.0,,0.0,none,False
3,15,287,19,14.74,0.39,4,0.367,5,0.263,30.95,0.053,0.053,0.0,0.0,0.0,C,0.0,0.0,,0.0,none,False
3,16,154,17,8.82,0.25,3,0.329,3,0.176,19.24,0.059,0.059,0.0,0.0,0.0,C,0.118,0.118,,0.0,MC,False
3,17,181,13,13.62,0.33,4,0.688,2,0.154,36.46,0.0,0.0,0.0,0.0,0.0,none,0.0,0.0,,0.0,none,False
3,18,175,22,7.73,0.24,4,0.406,3,0.136,17.86,0.136,0.136,0.0,0.0,0.0,C,0.409,0.409,,0.0,MC,False
3,19,8,4,2.0,0.0,2,0.0,3,0.75,5.25,0.25,0.0,0.0,0.25,0.0,M,0.0,0.0,,0.0,none,False
3,20,282,36,7.06,0.8,4,0.094,9,0.25,16.44,0.139,0.111,0.0,0.028,0.0,C,0.194,0.194,,0.0,MC,False
3,21,15,3,5.0,0.0,2,0.367,1,0.333,15.0,0.333,0.333,0.0,0.0,0.0,C,0.333,0.333,,0.0,MC,False
3,22,18,3,6.0,0.0,2,0.056,1,0.333,13.0,0.0,0.0,0.0,0.0,0.0,none,0.333,0.333,,0.0,MC,False
3,23,95,10,9.5,0.0,3,0.351,3,0.3,24.9,0.1,0.0,0.1,0.0,0.0,E,0.2,0.2,,0.0,MC,False
3,24,71,14,4.79,0.31,3,0.299,1,0.071,13.43,0.0,0.0,0.0,0.0,0.0,none,0.071,0.071,,0.0,MC,False
3,25,15,8,1.88,0.0,3,0.267,1,0.125,3.88,0.25,0.125,0.125,0.0,0.0,C,0.25,0.25,,0.0,MC,False
3,26,68,25,2.52,0.21,4,0.171,7,0.28,6.44,0.2,0.2,0.0,0.0,0.0,C,0.28,0.28,,0.0,MC,False
3,27,30,8,3.25,0.57,3,0.205,3,0.375,6.75,0.25,0.25,0.0,0.0,0.0,C,0.75,0.75,,0.0,MC,False
3,28,27,10,2.4,0.33,4,0.188,1,0.1,5.5,0.1,0.1,0.0,0.0,0.0,C,0.1,0.1,,0.0,MC,False
3,29,7,1,7.0,0.0,1,0.0,0,0.0,21.0,1.0,1.0,0.0,0.0,0.0,C,0.0,0.0,,0.0,none,False
3,30,14,7,2.0,0.0,3,0.333,1,0.143,3.86,0.286,0.143,0.0,0.143,0.0,C,0.429,0.429,,0.0,MC,False
3,31,47,21,1.9,0.35,4,0.225,5,0.238,4.38,0.19,0.095,0.048,0.048,0.0,C,0.476,0.476,,0.0,MC,False
3,32,14,6,1.67,0.8,4,0.3,4,0.667,3.33,0.0,0.0,0.0,0.0,0.0,none,0.0,0.0,,0.0,none,False
3,33,7,4,1.5,0.33,3,0.667,1,0.25,5.75,0.25,0.0,0.0,0.0,0.25,T,0.75,0.75,,0.0,MC,False
3,34,8,2,4.0,0.0,2,0.5,1,0.5,7.0,0.0,0.0,0.0,0.0,0.0,none,1.0,1.0,,0.0,MC,False
3,35,3,1,3.0,0.0,1,0.0,0,0.0,6.0,0.0,0.0,0.0,0.0,0.0,none,1.0,1.0,,0.0,MC,False
3,36,8,4,2.0,0.0,3,0.167,0,0.0,5.0,0.0,0.0,0.0,0.0,0.0,none,0.0,0.0,,0.0,none,False
3,37,25,12,2.08,0.0,3,0.16,4,0.333,3.75,0.167,0.167,0.0,0.0,0.0,C,0.417,0.417,,0.0,MC,False
3,38,9,3,3.0,0.0,2,0.278,1,0.333,6.33,0.667,0.0,0.667,0.0,0.0,E,0.333,0.333,,0.0,MC,False
3,39,6,3,1.67,0.5,3,0.133,0,0.0,7.0,0.0,0.0,0.0,0.0,0.0,none,1.0,1.0,,0.0,MC,False
3,40,19,5,3.8,0.0,2,0.026,0,0.0,8.2,0.0,0.0,0.0,0.0,0.0,none,0.0,0.0,,0.0,none,False
3,41,30,10,3.0,0.0,4,0.217,2,0.2,4.8,0.0,0.0,0.0,0.0,0.0,none,0.0,0.0,,0.0,none,False
3,42,9,3,3.0,0.0,3,0.444,1,0.333,8.33,0.333,0.0,0.0,0.0,0.333,T,0.667,0.667,,0.0,MC,False
3,43,23,15,1.47,0.07,4,0.114,3,0.2,2.53,0.067,0.0,0.0,0.0,0.067,T,0.467,0.467,,0.0,MC,False
3,44,204,29,7.03,0.0,4,0.382,2,0.069,17.31,0.034,0.0,0.034,0.0,0.0,E,0.034,0.034,,0.0,MC,False
3,45,98,13,7.54,0.0,4,0.536,1,0.077,19.23,0.154,0.077,0.077,0.0,0.0,C,0.462,0.462,,0.0,MC,False
3,46,26,9,2.89,0.0,4,0.365,1,0.111,5.0,0.0,0.0,0.0,0.0,0.0,none,0.111,0.111,,0.0,MC,False
3,47,7,2,3.5,0.0,2,0.214,0,0.0,6.5,0.0,0.0,0.0,0.0,0.0,none,1.0,1.0,,0.0,MC,False
3,48,4,2,1.5,1.0,2,0.167,1,0.5,1.0,0.0,0.0,0.0,0.0,0.0,none,0.0,0.0,,0.0,none,False
3,49,15,3,2.0,4.5,3,0.333,1,0.333,3.0,0.0,0.0,0.0,0.0,0.0,none,0.0,0.0,,0.0,none,False
3,50,35,4,8.75,0.0,3,0.533,2,0.5,12.75,0.0,0.0,0.0,0.0,0.0,none,0.0,0.0,,0.0,none,False
3,51,227,41,3.68,1.9,5,0.321,15,0.366,8.05,0.146,0.073,0.024,0.049,0.0,C,0.293,0.293,,0.0,MC,False
3,52,15,3,5.0,0.0,2,0.433,1,0.333,12.67,0.333,0.0,0.0,0.333,0.0,M,0.0,0.0,,0.0,none,False
3,53,60,6,5.17,5.8,4,0.637,2,0.333,3.0,0.167,0.0,0.0,0.0,0.167,T,0.333,0.333,,0.0,MC,False
3,54,19,4,4.5,0.33,4,0.194,3,0.75,10.5,0.5,0.25,0.0,0.0,0.25,C,0.5,0.5,,0.0,MC,False
3,55,12,1,12.0,0.0,1,0.0,1,1.0,17.0,1.0,0.0,0.0,0.0,1.0,T,0.0,0.0,,0.0,none,False
4,0,402,5,80.4,0.0,3,0.245,3,0.6,167.4,0.4,0.2,0.2,0.0,0.0,C,0.2,0.2,0.0,0.0,MC,True
4,1,147,9,16.0,0.38,4,0.663,3,0.333,34.67,0.333,0.222,0.0,0.0,0.111,C,0.222,0.222,0.0,0.0,MC,True
4,2,11,5,2.2,0.0,2,0.045,2,0.4,5.8,0.2,0.0,0.2,0.0,0.0,E,0.6,0.6,0.0,0.0,MC,True
4,3,109,9,12.11,0.0,4,0.259,2,0.222,24.44,0.111,0.0,0.0,0.111,0.0,M,0.333,0.333,0.0,0.0,MC,True
4,4,76,9,8.44,0.0,3,0.447,2,0.222,14.44,0.111,0.111,0.0,0.0,0.0,C,0.222,0.222,0.0,0.0,MC,True
4,5,29,5,5.8,0.0,2,0.293,3,0.6,7.0,0.2,0.0,0.0,0.0,0.2,T,0.8,0.8,0.0,0.0,MC,True
4,6,130,2,65.0,0.0,2,0.254,1,0.5,111.0,0.5,0.0,0.0,0.5,0.0,M,0.0,0.0,0.0,0.0,none,True
4,7,59,1,59.0,0.0,1,0.0,0,0.0,121.0,0.0,0.0,0.0,0.0,0.0,none,0.0,0.0,0.0,0.0,none,True
4,8,5,3,1.33,0.5,2,0.0,1,0.333,4.67,0.333,0.333,0.0,0.0,0.0,C,0.667,0.667,0.0,0.0,MC,True
4,9,780,20,38.3,0.74,4,0.22,7,0.35,88.9,0.3,0.15,0.0,0.15,0.0,C,0.55,0.55,0.0,0.0,MC,True
4,10,42,11,2.36,1.6,4,0.365,0,0.0,5.45,0.091,0.0,0.0,0.0,0.091,T,0.364,0.364,0.0,0.0,MC,True
4,11,6,1,6.0,0.0,1,0.0,1,1.0,9.0,1.0,0.0,0.0,1.0,0.0,M,0.0,0.0,0.0,0.0,none,True
4,12,3,1,3.0,0.0,1,0.0,0,0.0,5.0,0.0,0.0,0.0,0.0,0.0,none,1.0,1.0,0.0,0.0,MC,True
4,13,39,4,2.0,10.33,2,0.25,1,0.25,5.25,0.75,0.0,0.0,0.25,0.5,T,0.75,0.75,0.0,0.0,MC,True
4,14,46,3,15.33,0.0,3,0.507,0,0.0,37.33,0.0,0.0,0.0,0.0,0.0,none,0.0,0.0,0.0,0.0,none,True
4,15,62,9,5.33,1.75,2,0.271,4,0.444,10.89,0.333,0.111,0.0,0.111,0.111,C,0.556,0.556,0.0,0.0,MC,True
4,16,74,7,3.71,8.0,2,0.154,1,0.143,10.71,0.143,0.143,0.0,0.0,0.0,C,0.429,0.429,0.0,0.0,MC,True
4,17,77,6,12.33,0.6,3,0.27,1,0.167,28.83,0.167,0.167,0.0,0.0,0.0,C,0.333,0.333,0.0,0.0,MC,True
4,18,124,8,8.62,7.86,3,0.609,2,0.25,20.25,0.125,0.0,0.0,0.125,0.0,M,0.125,0.125,0.0,0.0,MC,True
4,19,132,15,5.13,3.93,3,0.381,5,0.333,12.33,0.133,0.067,0.0,0.067,0.0,C,0.0,0.0,0.0,0.0,none,True
4,20,23,4,5.75,0.0,4,0.402,2,0.5,9.0,0.25,0.25,0.0,0.0,0.0,C,0.5,0.5,0.0,0.0,MC,True
4,21,153,15,6.87,3.57,3,0.408,1,0.067,16.53,0.0,0.0,0.0,0.0,0.0,none,0.067,0.067,0.0,0.0,MC,True
4,22,3,2,1.5,0.0,2,0.167,0,0.0,2.0,0.0,0.0,0.0,0.0,0.0,none,0.0,0.0,0.0,0.0,none,True
4,23,69,9,5.67,2.25,3,0.458,3,0.333,15.11,0.111,0.111,0.0,0.0,0.0,C,0.889,0.889,0.111,0.0,MC,True
4,24,6,1,6.0,0.0,1,0.0,0,0.0,8.0,1.0,0.0,0.0,0.0,1.0,T,1.0,1.0,0.0,0.0,MC,True
4,25,199,23,7.61,1.09,5,0.32,3,0.13,18.17,0.087,0.087,0.0,0.0,0.0,C,0.522,0.522,0.0,0.0,MC,True
4,26,8,5,1.6,0.0,4,0.188,1,0.2,3.2,0.2,0.0,0.0,0.2,0.0,M,0.8,0.8,0.0,0.0,MC,True
4,27,1,1,1.0,0.0,1,0.0,0,0.0,4.0,0.0,0.0,0.0,0.0,0.0,none,0.0,0.0,0.0,0.0,none,True
4,28,18,12,1.5,0.0,4,0.25,5,0.417,2.67,0.167,0.167,0.0,0.0,0.0,C,0.833,0.833,0.0,0.0,MC,True
4,29,62,8,6.5,1.43,4,0.327,1,0.125,16.0,0.125,0.125,0.0,0.0,0.0,C,0.875,0.875,0.0,0.0,MC,True
4,30,11,4,2.5,0.33,2,0.0,0,0.0,3.75,0.0,0.0,0.0,0.0,0.0,none,1.0,1.0,0.0,0.0,MC,True
4,31,58,15,2.2,1.79,3,0.283,3,0.2,4.27,0.067,0.067,0.0,0.0,0.0,C,0.4,0.4,0.0,0.0,MC,True
4,32,152,37,3.08,1.06,5,0.484,13,0.351,6.3,0.162,0.081,0.0,0.081,0.0,C,0.486,0.486,0.0,0.0,MC,True
4,33,56,11,4.91,0.2,3,0.321,2,0.182,10.64,0.091,0.091,0.0,0.0,0.0,C,0.909,0.909,0.0,0.0,MC,True
4,34,12,4,3.0,0.0,3,0.333,0,0.0,4.75,0.0,0.0,0.0,0.0,0.0,none,0.75,0.75,0.0,0.0,MC,True
4,35,81,7,8.71,3.33,4,0.381,3,0.429,16.14,0.286,0.143,0.0,0.143,0.0,C,0.857,0.857,0.0,0.0,MC,True
5,0,295,23,12.83,0.0,5,0.503,1,0.043,28.22,0.043,0.043,0.0,0.0,0.0,C,0.261,0.261,0.0,0.0,MC,True
5,1,477,45,10.58,0.02,5,0.487,3,0.067,25.4,0.089,0.044,0.0,0.044,0.0,C,0.244,0.244,0.0,0.0,MC,True
5,2,10,3,3.33,0.0,2,0.4,1,0.333,7.0,0.333,0.0,0.0,0.333,0.0,M,0.333,0.333,0.0,0.0,MC,True
5,3,257,17,15.18,-0.06,3,0.382,3,0.176,29.35,0.176,0.176,0.059,0.059,0.0,C,0.824,0.824,0.0,0.0,MC,True
5,4,221,16,13.5,0.33,4,0.306,0,0.0,28.56,0.125,0.062,0.062,0.0,0.0,C,0.375,0.375,0.0,0.0,MC,True
5,5,8,5,1.6,0.0,5,0.15,3,0.6,3.4,0.4,0.0,0.0,0.4,0.0,M,0.6,0.6,0.0,0.0,MC,True
5,6,11,5,2.2,0.0,4,0.386,1,0.2,9.8,0.0,0.0,0.0,0.0,0.0,none,1.0,1.0,0.0,0.0,MC,True
5,7,307,10,30.7,0.0,3,0.48,4,0.4,49.6,0.4,0.1,0.1,0.1,0.1,C,0.5,0.5,0.0,0.0,MC,True
5,8,266,32,8.31,0.0,4,0.494,4,0.125,18.84,0.031,0.031,0.0,0.0,0.0,C,0.219,0.219,0.0,0.0,MC,True
5,9,90,6,15.0,0.0,3,0.393,0,0.0,41.33,0.167,0.0,0.0,0.167,0.0,M,0.333,0.333,0.0,0.0,MC,True
5,10,103,5,20.6,0.0,3,0.35,0,0.0,45.0,0.2,0.2,0.0,0.0,0.0,C,0.0,0.0,0.0,0.0,none,True
5,11,185,64,2.81,0.08,5,0.309,15,0.234,6.88,0.141,0.016,0.016,0.031,0.109,T,0.859,0.859,0.0,0.0,MC,True
5,12,116,30,3.47,0.41,5,0.277,9,0.3,6.97,0.167,0.033,0.033,0.1,0.0,M,0.5,0.5,0.0,0.0,MC,True
5,13,295,47,5.36,0.93,5,0.329,6,0.128,13.47,0.085,0.043,0.021,0.0,0.021,C,0.617,0.617,0.0,0.0,MC,True
5,14,302,68,3.94,0.51,5,0.431,20,0.294,9.78,0.059,0.029,0.015,0.029,0.0,C,0.25,0.25,0.0,0.0,MC,True
5,15,290,31,6.77,2.67,5,0.242,6,0.194,13.58,0.161,0.161,0.0,0.0,0.0,C,0.581,0.581,0.0,0.0,MC,True
5,16,10,1,10.0,0.0,1,0.0,0,0.0,24.0,1.0,0.0,1.0,0.0,0.0,E,1.0,1.0,0.0,0.0,MC,True
5,17,272,36,6.94,0.63,5,0.246,3,0.083,16.56,0.083,0.056,0.028,0.0,0.0,C,0.5,0.5,0.0,0.0,MC,True
6,0,3,2,1.5,0.0,2,0.167,0,0.0,3.5,0.5,0.0,0.0,0.5,0.0,M,0.5,0.5,0.0,0.0,MC,True
6,1,83,7,8.43,4.0,3,0.588,6,0.857,18.86,0.714,0.714,0.0,0.0,0.0,C,0.286,0.286,0.0,0.0,MC,True
6,2,32,8,3.5,0.57,3,0.429,3,0.375,7.0,0.375,0.25,0.0,0.125,0.0,C,0.5,0.5,0.0,0.0,MC,True
6,3,248,22,10.77,0.52,4,0.509,8,0.364,21.09,0.227,0.182,0.0,0.045,0.0,C,0.636,0.5,0.136,0.0,MC,True
6,4,250,12,17.67,3.45,4,0.58,3,0.25,29.75,0.333,0.0,0.0,0.25,0.083,M,0.417,0.417,0.0,0.0,MC,True
6,5,53,5,7.8,3.5,1,0.0,1,0.2,17.2,0.0,0.0,0.0,0.0,0.0,none,1.0,1.0,0.0,0.0,MC,True
6,6,101,4,25.25,0.0,3,0.508,3,0.75,51.0,0.5,0.25,0.0,0.0,0.25,C,0.5,0.5,0.0,0.0,MC,True
6,7,619,35,9.23,8.71,5,0.478,11,0.314,17.2,0.371,0.314,0.0,0.057,0.0,C,0.543,0.543,0.0,0.0,MC,True
6,8,273,8,7.0,31.0,3,0.333,0,0.0,13.25,0.25,0.125,0.0,0.125,0.0,C,0.25,0.125,0.0,0.125,MC,True
6,9,61,11,5.09,0.5,4,0.527,3,0.273,13.45,0.182,0.182,0.0,0.0,0.0,C,0.727,0.727,0.0,0.0,MC,True
6,10,513,49,2.96,7.67,3,0.303,17,0.347,3.8,0.306,0.102,0.0,0.163,0.041,M,0.592,0.592,0.0,0.0,MC,True
6,11,707,61,4.23,7.48,5,0.38,20,0.328,6.16,0.328,0.18,0.016,0.131,0.0,C,0.377,0.361,0.016,0.0,MC,True
7,0,26,4,3.75,3.67,3,0.267,0,0.0,3.75,0.25,0.25,0.0,0.0,0.0,C,0.75,0.75,,0.0,MC,False
7,1,52,16,2.56,0.73,4,0.104,7,0.438,7.88,0.438,0.188,0.0,0.25,0.0,M,0.562,0.562,,0.0,MC,False
7,2,54,9,5.0,1.12,2,0.367,2,0.222,12.22,0.222,0.111,0.0,0.111,0.0,C,0.667,0.667,,0.0,MC,False
7,3,16,5,2.6,0.75,3,0.359,0,0.0,6.2,0.4,0.4,0.0,0.0,0.0,C,0.4,0.4,,0.0,MC,False
7,4,37,13,2.62,0.25,3,0.314,6,0.462,8.08,0.538,0.538,0.0,0.0,0.0,C,0.308,0.308,,0.0,MC,False
7,5,25,6,2.83,1.6,4,0.221,2,0.333,9.0,0.333,0.333,0.0,0.0,0.0,C,0.667,0.667,,0.0,MC,False
7,6,30,2,15.0,0.0,2,0.4,1,0.5,40.5,0.5,0.5,0.0,0.0,0.0,C,0.5,0.5,,0.0,MC,False
7,7,60,14,3.43,0.92,5,0.317,4,0.286,9.21,0.071,0.071,0.0,0.0,0.0,C,0.643,0.643,,0.0,MC,False
7,8,343,5,50.4,22.75,3,0.643,2,0.4,106.0,0.2,0.2,0.0,0.0,0.0,C,0.6,0.6,,0.0,MC,False
7,9,155,34,3.53,1.06,4,0.475,14,0.412,7.85,0.441,0.294,0.0,0.147,0.0,C,0.5,0.5,,0.0,MC,False
7,10,10,1,10.0,0.0,1,0.0,0,0.0,9.0,0.0,0.0,0.0,0.0,0.0,none,1.0,1.0,,0.0,MC,False
7,11,73,20,3.1,0.58,5,0.51,2,0.1,6.2,0.15,0.15,0.0,0.0,0.0,C,0.5,0.5,,0.0,MC,False
7,12,21,7,3.0,0.0,4,0.369,1,0.143,5.14,0.143,0.143,0.0,0.0,0.0,C,0.143,0.143,,0.0,MC,False
7,13,217,44,4.73,0.21,4,0.286,6,0.136,10.43,0.159,0.136,0.0,0.023,0.0,C,0.455,0.455,,0.0,MC,False
7,14,59,20,2.95,0.0,3,0.429,2,0.1,7.1,0.1,0.1,0.0,0.0,0.0,C,0.35,0.35,,0.0,MC,False
7,15,18,6,3.0,0.0,3,0.333,2,0.333,8.0,0.333,0.0,0.0,0.333,0.0,M,0.667,0.667,,0.0,MC,False
7,16,31,16,1.94,0.0,2,0.081,2,0.125,4.31,0.125,0.125,0.0,0.0,0.0,C,0.25,0.25,,0.0,MC,False
7,17,9,5,1.8,0.0,3,0.37,3,0.6,8.8,0.6,0.2,0.0,0.4,0.0,M,0.2,0.2,,0.0,MC,False
7,18,27,7,3.14,0.83,3,0.182,1,0.143,6.86,0.143,0.143,0.0,0.0,0.0,C,0.571,0.571,,0.0,MC,False
7,19,2,1,2.0,0.0,1,0.0,0,0.0,14.0,1.0,0.0,0.0,1.0,0.0,M,0.0,0.0,,0.0,none,False
7,20,163,22,7.05,0.38,3,0.585,7,0.318,16.0,0.136,0.091,0.0,0.045,0.0,C,0.682,0.682,,0.0,MC,False
7,21,126,36,3.47,0.03,2,0.108,4,0.111,7.83,0.111,0.056,0.028,0.028,0.0,C,0.278,0.278,,0.0,MC,False
7,22,199,35,3.91,1.82,3,0.438,10,0.286,8.94,0.2,0.143,0.0,0.029,0.029,C,0.657,0.657,,0.0,MC,False
7,23,23,6,2.83,1.2,3,0.314,2,0.333,5.33,0.333,0.167,0.0,0.167,0.0,C,0.333,0.333,,0.0,MC,False
7,24,18,2,4.0,10.0,1,0.0,1,0.5,5.5,0.0,0.0,0.0,0.0,0.0,none,0.0,0.0,,0.0,none,False
7,25,55,16,3.0,0.47,4,0.344,5,0.312,7.38,0.188,0.062,0.0,0.125,0.0,M,0.625,0.625,,0.0,MC,False
7,26,139,37,3.22,0.56,4,0.334,9,0.243,6.92,0.108,0.108,0.0,0.0,0.0,C,0.73,0.73,,0.0,MC,False
7,27,15,6,2.5,0.0,3,0.4,0,0.0,7.0,0.0,0.0,0.0,0.0,0.0,none,1.0,1.0,,0.0,MC,False
7,28,588,100,5.2,0.69,6,0.603,28,0.28,11.96,0.07,0.06,0.0,0.01,0.0,C,0.88,0.88,,0.0,MC,False
7,29,408,66,5.95,0.23,5,0.536,20,0.303,15.44,0.015,0.0,0.0,0.0,0.015,T,0.97,0.97,,0.0,MC,False
7,30,58,17,3.41,0.0,3,0.253,5,0.294,7.65,0.118,0.118,0.0,0.0,0.0,C,0.412,0.412,,0.0,MC,False
7,31,25,16,1.38,0.2,3,0.333,5,0.312,2.38,0.062,0.0,0.0,0.062,0.0,M,0.5,0.5,,0.0,MC,False
7,32,41,14,2.93,0.0,4,0.335,5,0.357,6.14,0.143,0.143,0.0,0.0,0.0,C,0.857,0.857,,0.0,MC,False
8,0,44,11,3.27,0.8,3,0.444,1,0.091,9.55,0.0,0.0,0.0,0.0,0.0,none,0.0,0.0,0.0,0.0,none,True
8,1,51,10,3.5,1.78,3,0.286,1,0.1,8.3,0.2,0.2,0.0,0.0,0.0,C,0.9,0.1,0.8,0.0,TA,True
8,2,113,29,3.41,0.5,3,0.256,5,0.172,8.0,0.172,0.172,0.0,0.0,0.0,C,0.034,0.034,0.0,0.0,MC,True
8,3,25,6,4.0,0.2,4,0.375,2,0.333,8.0,0.333,0.167,0.0,0.167,0.0,C,0.667,0.667,0.0,0.0,MC,True
8,4,25,7,2.71,1.0,4,0.197,1,0.143,7.14,0.286,0.0,0.0,0.286,0.0,M,0.0,0.0,0.0,0.0,none,True
8,5,54,14,3.36,0.54,3,0.128,2,0.143,8.07,0.143,0.071,0.071,0.0,0.0,C,0.214,0.214,0.0,0.0,MC,True
8,6,62,13,4.46,0.33,3,0.356,6,0.462,9.69,0.231,0.154,0.077,0.0,0.0,C,0.769,0.769,0.0,0.0,MC,True
8,7,62,16,3.75,0.13,3,0.311,6,0.375,10.62,0.062,0.062,0.0,0.0,0.0,C,0.938,0.938,0.0,0.0,MC,True
8,8,25,6,4.17,0.0,3,0.187,3,0.5,9.0,0.167,0.0,0.167,0.167,0.0,E,0.667,0.667,0.0,0.0,MC,True
8,9,11,2,5.5,0.0,2,0.318,0,0.0,13.0,0.0,0.0,0.0,0.0,0.0,none,1.0,1.0,0.0,0.0,MC,True
8,10,33,6,5.5,0.0,3,0.404,2,0.333,12.17,0.167,0.167,0.0,0.0,0.0,C,0.833,0.0,0.833,0.0,TA,True
8,11,30,8,3.5,0.29,3,0.381,2,0.25,6.12,0.125,0.125,0.0,0.0,0.0,C,0.875,0.875,0.0,0.0,MC,True
8,12,35,5,5.8,1.5,2,0.259,2,0.4,14.8,0.2,0.0,0.2,0.0,0.2,E,0.4,0.0,0.2,0.2,TA,True
8,13,64,11,5.55,0.3,3,0.12,4,0.364,10.0,0.182,0.091,0.0,0.091,0.0,C,0.727,0.727,0.0,0.0,MC,True
8,14,18,7,2.0,0.67,4,0.286,2,0.286,5.43,0.143,0.0,0.0,0.143,0.0,M,0.429,0.429,0.0,0.0,MC,True
8,15,31,9,2.44,1.12,3,0.212,3,0.333,5.78,0.333,0.333,0.0,0.0,0.0,C,0.667,0.667,0.0,0.0,MC,True
8,16,10,3,3.33,0.0,2,0.2,1,0.333,7.33,0.333,0.0,0.333,0.0,0.0,E,0.0,0.0,0.0,0.0,none,True
8,17,63,9,5.89,1.25,5,0.453,3,0.333,13.67,0.222,0.111,0.0,0.0,0.111,C,0.778,0.778,0.0,0.0,MC,True
8,18,276,34,7.29,0.85,4,0.53,9,0.265,12.03,0.176,0.029,0.029,0.088,0.029,M,0.265,0.235,0.029,0.0,MC,True
8,19,16,5,2.4,1.0,2,0.167,3,0.6,8.0,0.2,0.0,0.0,0.2,0.0,M,0.8,0.8,0.0,0.0,MC,True
8,20,63,10,4.9,1.56,3,0.109,2,0.2,7.6,0.1,0.0,0.0,0.0,0.1,T,0.9,0.9,0.0,0.0,MC,True
8,21,30,5,6.0,0.0,2,0.3,1,0.2,12.8,0.2,0.2,0.0,0.0,0.0,C,0.8,0.8,0.0,0.0,MC,True
8,22,534,93,4.01,1.75,4,0.218,20,0.215,8.19,0.129,0.086,0.022,0.0,0.032,C,0.581,0.581,0.0,0.0,MC,True
8,23,172,20,8.6,0.0,4,0.605,8,0.4,22.4,0.05,0.05,0.0,0.0,0.0,C,0.95,0.95,0.0,0.0,MC,True
8,24,76,12,6.33,0.0,4,0.513,3,0.25,15.92,0.0,0.0,0.0,0.0,0.0,none,1.0,1.0,0.0,0.0,MC,True
8,25,37,8,4.5,0.14,3,0.407,1,0.125,7.88,0.0,0.0,0.0,0.0,0.0,none,0.0,0.0,0.0,0.0,none,True
8,26,8,5,1.6,0.0,4,0.188,2,0.4,5.8,0.4,0.0,0.2,0.0,0.2,E,0.6,0.6,0.0,0.0,MC,True
8,27,476,71,4.79,1.94,4,0.343,18,0.254,11.8,0.155,0.099,0.0,0.014,0.042,C,0.662,0.662,0.0,0.0,MC,True
8,28,93,15,2.53,3.93,3,0.298,4,0.267,5.67,0.133,0.0,0.0,0.067,0.067,M,0.667,0.667,0.0,0.0,MC,True
8,29,57,10,4.2,1.67,4,0.286,3,0.3,6.7,0.3,0.0,0.0,0.3,0.0,M,0.6,0.6,0.0,0.0,MC,True
8,30,26,5,5.2,0.0,2,0.154,3,0.6,11.8,0.6,0.0,0.0,0.0,0.6,T,0.4,0.4,0.0,0.0,MC,True
8,31,363,59,3.8,2.4,5,0.512,17,0.288,8.59,0.186,0.068,0.017,0.085,0.034,M,0.525,0.458,0.0,0.068,MC,True
9,0,247,26,9.5,0.0,4,0.21,7,0.269,18.31,0.077,0.077,0.0,0.0,0.0,C,0.5,0.0,0.5,0.0,TA,True
9,1,250,34,7.35,0.0,3,0.389,11,0.324,15.12,0.059,0.059,0.0,0.0,0.0,C,0.912,0.912,0.0,0.0,MC,True
9,2,15,4,3.75,0.0,2,0.167,1,0.25,7.75,0.25,0.25,0.0,0.0,0.0,C,0.0,0.0,0.0,0.0,none,True
9,3,37,5,7.4,0.0,4,0.426,0,0.0,9.2,0.0,0.0,0.0,0.0,0.0,none,0.8,0.8,0.0,0.0,MC,True
9,4,54,15,3.53,0.07,3,0.34,4,0.267,8.47,0.133,0.133,0.0,0.0,0.0,C,0.867,0.867,0.0,0.0,MC,True
9,5,78,15,5.13,0.07,4,0.549,6,0.4,12.73,0.067,0.067,0.0,0.0,0.0,C,0.867,0.867,0.0,0.0,MC,True
9,6,65,12,5.42,0.0,3,0.174,0,0.0,11.58,0.083,0.0,0.083,0.0,0.0,E,0.667,0.667,0.0,0.0,MC,True
9,7,48,14,3.43,0.0,3,0.417,3,0.214,4.93,0.143,0.0,0.0,0.0,0.143,T,0.286,0.286,0.0,0.0,MC,True
9,8,73,12,6.08,0.0,4,0.586,2,0.167,11.67,0.083,0.083,0.0,0.0,0.0,C,0.25,0.0,0.25,0.0,TA,True
9,9,19,3,6.33,0.0,2,0.395,1,0.333,6.33,0.0,0.0,0.0,0.0,0.0,none,0.0,0.0,0.0,0.0,none,True
9,10,15,3,5.0,0.0,3,0.267,1,0.333,11.0,0.333,0.333,0.0,0.0,0.0,C,0.667,0.667,0.0,0.0,MC,True
9,11,176,43,3.88,0.21,5,0.352,12,0.279,8.3,0.116,0.093,0.0,0.023,0.0,C,0.535,0.233,0.0,0.302,RA,True
9,12,23,7,3.14,0.17,4,0.273,2,0.286,8.71,0.143,0.0,0.0,0.143,0.0,M,0.857,0.857,0.0,0.0,MC,True
9,13,353,71,4.24,0.74,5,0.194,18,0.254,8.14,0.141,0.085,0.0,0.028,0.028,C,0.408,0.408,0.0,0.0,MC,True
9,14,51,21,2.0,0.45,5,0.267,5,0.238,4.57,0.095,0.0,0.0,0.0,0.095,T,0.905,0.905,0.0,0.0,MC,True
9,15,133,14,9.5,0.0,4,0.336,2,0.143,13.21,0.071,0.071,0.0,0.0,0.0,C,0.929,0.929,0.0,0.0,MC,True
9,16,865,129,6.0,0.71,5,0.284,20,0.155,11.28,0.14,0.062,0.047,0.023,0.016,C,0.69,0.69,0.0,0.0,MC,True
9,17,571,46,4.91,7.67,6,0.594,9,0.196,11.57,0.087,0.022,0.0,0.043,0.022,M,0.826,0.826,0.0,0.0,MC,True
9,18,434,82,3.95,1.36,5,0.447,24,0.293,5.93,0.171,0.061,0.0,0.061,0.049,C,0.561,0.537,0.024,0.0,MC,True
10,0,195,26,5.58,2.0,4,0.426,12,0.462,12.65,0.077,0.038,0.0,0.038,0.0,C,0.923,0.923,0.0,0.0,MC,True
10,1,22,7,2.57,0.67,2,0.056,3,0.429,7.29,0.143,0.143,0.0,0.0,0.0,C,0.857,0.857,0.0,0.0,MC,True
10,2,274,28,2.86,7.19,4,0.281,12,0.429,5.04,0.143,0.107,0.0,0.036,0.0,C,0.75,0.75,0.0,0.0,MC,True
10,3,51,8,2.88,4.0,2,0.196,2,0.25,7.5,0.125,0.125,0.0,0.0,0.0,C,0.875,0.875,0.0,0.0,MC,True
10,4,192,20,3.1,6.84,2,0.274,9,0.45,3.55,0.05,0.05,0.0,0.0,0.0,C,0.8,0.8,0.0,0.0,MC,True
10,5,252,22,7.86,3.76,4,0.649,8,0.364,16.23,0.091,0.045,0.0,0.045,0.0,C,0.909,0.909,0.0,0.0,MC,True
10,6,24,5,4.6,0.25,2,0.283,1,0.2,6.6,0.2,0.0,0.0,0.2,0.0,M,0.2,0.2,0.0,0.0,MC,True
10,7,39,9,1.78,2.88,2,0.125,3,0.333,2.56,0.111,0.0,0.0,0.111,0.0,M,0.889,0.889,0.0,0.0,MC,True
10,8,4,3,1.33,0.0,3,0.167,0,0.0,4.0,0.333,0.0,0.0,0.0,0.333,T,0.667,0.667,0.0,0.0,MC,True
10,9,104,11,3.27,6.8,2,0.194,2,0.182,7.91,0.091,0.091,0.0,0.0,0.0,C,0.636,0.636,0.0,0.0,MC,True
10,10,72,4,17.0,1.33,2,0.485,1,0.25,31.25,0.25,0.25,0.0,0.0,0.0,C,0.75,0.75,0.0,0.0,MC,True
10,11,84,21,3.86,0.15,2,0.204,6,0.286,7.57,0.048,0.048,0.0,0.0,0.0,C,0.905,0.905,0.0,0.0,MC,True
10,12,165,11,6.91,8.9,4,0.5,6,0.545,11.82,0.091,0.091,0.0,0.0,0.0,C,0.909,0.909,0.0,0.0,MC,True
10,13,52,13,3.23,0.83,3,0.429,5,0.385,6.08,0.077,0.077,0.0,0.077,0.0,C,0.923,0.923,0.0,0.0,MC,True
10,14,13,8,1.25,0.43,2,0.2,0,0.0,2.88,0.0,0.0,0.0,0.0,0.0,none,0.875,0.875,0.0,0.0,MC,True
10,15,304,42,4.31,3.0,3,0.486,13,0.31,8.64,0.048,0.0,0.0,0.048,0.0,M,0.929,0.929,0.0,0.0,MC,True
10,16,184,12,3.0,13.45,3,0.519,7,0.583,5.58,0.333,0.167,0.0,0.167,0.0,C,0.25,0.25,0.0,0.0,MC,True
10,17,30,5,5.2,1.0,2,0.192,2,0.4,9.0,0.2,0.0,0.0,0.2,0.0,M,0.4,0.4,0.0,0.0,MC,True
10,18,2,1,2.0,0.0,1,0.0,1,1.0,6.0,1.0,0.0,0.0,1.0,0.0,M,0.0,0.0,0.0,0.0,none,True
11,0,9,1,9.0,0.0,1,0.0,0,0.0,16.0,0.0,0.0,0.0,0.0,0.0,none,0.0,0.0,0.0,0.0,none,True
11,1,21,4,5.25,0.0,2,0.214,1,0.25,9.75,0.0,0.0,0.0,0.0,0.0,none,1.0,1.0,0.0,0.0,MC,True
11,2,4,1,4.0,0.0,1,0.0,1,1.0,6.0,1.0,1.0,0.0,0.0,0.0,C,1.0,1.0,0.0,0.0,MC,True
11,3,168,19,4.79,4.28,4,0.382,5,0.263,7.68,0.158,0.053,0.105,0.0,0.0,E,0.789,0.789,0.0,0.0,MC,True
11,4,62,9,4.44,2.75,4,0.488,1,0.111,7.78,0.111,0.0,0.0,0.0,0.111,T,0.889,0.889,0.0,0.0,MC,True
11,5,294,20,5.3,9.89,4,0.481,6,0.3,9.75,0.2,0.1,0.0,0.0,0.15,T,0.55,0.55,0.0,0.0,MC,True
11,6,165,25,6.0,0.62,4,0.613,11,0.44,10.4,0.16,0.0,0.04,0.08,0.08,M,0.84,0.84,0.0,0.0,MC,True
11,7,95,7,11.71,2.17,3,0.528,3,0.429,20.71,0.0,0.0,0.0,0.0,0.0,none,1.0,1.0,0.0,0.0,MC,True
11,8,59,6,8.83,1.2,2,0.179,3,0.5,13.0,0.333,0.333,0.0,0.0,0.0,C,0.667,0.667,0.0,0.0,MC,True
11,9,22,9,1.78,0.75,2,0.062,2,0.222,4.0,0.111,0.0,0.0,0.0,0.111,T,1.0,1.0,0.0,0.0,MC,True
11,10,31,3,10.33,0.0,3,0.538,2,0.667,26.33,0.0,0.0,0.0,0.0,0.0,none,1.0,1.0,0.0,0.0,MC,True
11,11,156,25,6.0,0.25,4,0.553,6,0.24,14.48,0.08,0.04,0.0,0.04,0.0,C,0.96,0.96,0.0,0.0,MC,True
11,12,30,4,7.25,0.33,2,0.431,1,0.25,20.25,0.0,0.0,0.0,0.0,0.0,none,1.0,1.0,0.0,0.0,MC,True
11,13,35,6,4.5,1.6,3,0.469,2,0.333,14.0,0.167,0.0,0.0,0.0,0.167,T,0.833,0.833,0.0,0.0,MC,True
11,14,29,4,7.25,0.0,2,0.19,3,0.75,13.0,0.25,0.0,0.0,0.25,0.0,M,0.75,0.75,0.0,0.0,MC,True
11,15,141,6,5.5,21.6,2,0.197,0,0.0,11.33,0.0,0.0,0.0,0.0,0.0,none,0.833,0.0,0.833,0.0,TA,True
11,16,569,25,9.48,13.83,4,0.48,10,0.4,11.92,0.12,0.04,0.04,0.0,0.04,C,0.84,0.04,0.8,0.0,TA,True
11,17,42,4,5.5,6.67,1,0.0,1,0.25,8.75,0.25,0.0,0.0,0.0,0.25,T,1.0,1.0,0.0,0.0,MC,True
11,18,51,6,6.83,2.0,3,0.179,1,0.167,15.5,0.167,0.167,0.0,0.167,0.0,C,1.0,0.833,0.167,0.0,MC,True
11,19,78,9,8.56,0.12,4,0.588,6,0.667,21.78,0.111,0.111,0.0,0.0,0.0,C,0.889,0.0,0.889,0.0,TA,True
11,20,258,22,10.73,1.05,4,0.46,8,0.364,15.09,0.182,0.091,0.0,0.045,0.045,C,0.636,0.636,0.0,0.0,MC,True
12,0,9,3,3.0,0.0,2,0.278,0,0.0,8.33,0.0,0.0,0.0,0.0,0.0,none,1.0,1.0,0.0,0.0,MC,True
12,1,124,24,2.62,2.65,4,0.393,7,0.292,5.71,0.125,0.042,0.0,0.083,0.0,M,0.875,0.875,0.0,0.0,MC,True
12,2,38,10,3.8,0.0,2,0.105,2,0.2,10.0,0.0,0.0,0.0,0.0,0.0,none,1.0,1.0,0.0,0.0,MC,True
12,3,16,5,2.2,1.25,2,0.045,0,0.0,4.0,0.0,0.0,0.0,0.0,0.0,none,1.0,1.0,0.0,0.0,MC,True
12,4,47,14,2.21,1.23,2,0.048,2,0.143,6.29,0.143,0.071,0.0,0.0,0.071,C,0.857,0.857,0.0,0.0,MC,True
12,5,90,12,6.67,0.91,3,0.483,6,0.5,12.25,0.083,0.083,0.0,0.0,0.0,C,0.833,0.833,0.0,0.0,MC,True
12,6,29,9,3.22,0.0,2,0.052,5,0.556,4.89,0.0,0.0,0.0,0.0,0.0,none,1.0,1.0,0.0,0.0,MC,True
12,7,70,1,70.0,0.0,1,0.0,1,1.0,178.0,0.0,0.0,0.0,0.0,0.0,none,1.0,1.0,0.0,0.0,MC,True
12,8,21,6,3.0,0.6,3,0.37,0,0.0,6.33,0.167,0.0,0.0,0.0,0.167,T,0.167,0.167,0.0,0.0,MC,True
12,9,26,15,1.53,0.21,2,0.152,8,0.533,4.8,0.067,0.0,0.0,0.0,0.067,T,0.933,0.933,0.0,0.0,MC,True
12,10,34,3,7.33,6.0,1,0.0,1,0.333,12.0,0.0,0.0,0.0,0.0,0.0,none,0.0,0.0,0.0,0.0,none,True
12,11,36,7,5.14,0.0,2,0.25,2,0.286,4.14,0.143,0.0,0.0,0.143,0.0,M,0.857,0.857,0.0,0.0,MC,True
12,12,16,2,8.0,0.0,2,0.375,1,0.5,8.0,0.5,0.5,0.0,0.0,0.0,C,0.5,0.5,0.0,0.0,MC,True
12,13,21,2,1.0,19.0,2,0.0,0,0.0,7.0,0.0,0.0,0.0,0.0,0.0,none,0.0,0.0,0.0,0.0,none,True
12,14,170,13,3.31,10.58,3,0.217,7,0.538,6.77,0.231,0.077,0.0,0.154,0.0,M,0.538,0.538,0.0,0.0,MC,True
12,15,34,10,2.0,1.56,2,0.2,4,0.4,4.8,0.1,0.0,0.0,0.0,0.1,T,0.9,0.9,0.0,0.0,MC,True
12,16,67,14,3.64,1.23,3,0.458,5,0.357,8.0,0.071,0.0,0.0,0.0,0.071,T,0.929,0.929,0.0,0.0,MC,True
12,17,13,1,13.0,0.0,1,0.0,1,1.0,24.0,1.0,1.0,0.0,0.0,0.0,C,0.0,0.0,0.0,0.0,none,True
12,18,179,29,3.48,2.79,3,0.409,7,0.241,8.41,0.034,0.0,0.0,0.0,0.034,T,0.759,0.759,0.0,0.0,MC,True
12,19,34,10,2.2,1.33,2,0.182,4,0.4,5.2,0.1,0.0,0.0,0.1,0.0,M,0.7,0.7,0.0,0.0,MC,True
12,20,35,8,3.25,1.29,3,0.231,2,0.25,10.0,0.125,0.125,0.0,0.0,0.0,C,0.875,0.875,0.0,0.0,MC,True
12,21,91,16,3.75,2.07,2,0.217,4,0.25,8.75,0.062,0.062,0.0,0.0,0.0,C,1.0,1.0,0.0,0.0,MC,True
12,22,18,4,4.5,0.0,2,0.056,1,0.25,7.5,0.25,0.0,0.0,0.25,0.0,M,0.75,0.75,0.0,0.0,MC,True
12,23,2,1,2.0,0.0,1,0.0,0,0.0,6.0,1.0,0.0,0.0,1.0,0.0,M,0.0,0.0,0.0,0.0,none,True
12,24,16,4,3.5,0.67,2,0.214,1,0.25,7.25,0.25,0.0,0.0,0.0,0.25,T,0.75,0.75,0.0,0.0,MC,True
12,25,16,3,4.33,1.5,2,0.423,1,0.333,12.33,0.333,0.0,0.333,0.0,0.0,E,0.667,0.667,0.0,0.0,MC,True
12,26,8,2,3.0,2.0,2,0.167,1,0.5,4.5,0.0,0.0,0.0,0.0,0.0,none,1.0,1.0,0.0,0.0,MC,True
12,27,9,2,4.5,0.0,2,0.056,1,0.5,16.0,0.0,0.0,0.0,0.0,0.0,none,1.0,1.0,0.0,0.0,MC,True
12,28,17,3,4.33,2.0,2,0.423,1,0.333,14.0,0.333,0.0,0.0,0.333,0.0,M,0.667,0.667,0.0,0.0,MC,True
12,29,80,13,3.85,2.5,3,0.213,2,0.154,9.38,0.077,0.0,0.0,0.0,0.077,T,0.923,0.923,0.0,0.0,MC,True
12,30,33,3,3.67,11.0,1,0.0,3,1.0,12.67,0.333,0.0,0.0,0.0,0.333,T,1.0,1.0,0.0,0.0,MC,True
12,31,14,4,3.0,0.67,2,0.333,0,0.0,5.5,0.25,0.0,0.0,0.25,0.0,M,0.25,0.25,0.0,0.0,MC,True
12,32,67,13,2.15,3.25,2,0.071,3,0.231,8.54,0.077,0.077,0.0,0.0,0.0,C,0.923,0.923,0.0,0.0,MC,True
12,33,70,10,4.5,2.78,3,0.533,4,0.4,10.8,0.1,0.0,0.0,0.1,0.0,M,0.9,0.9,0.0,0.0,MC,True
12,34,105,20,3.7,1.63,2,0.284,9,0.45,10.9,0.05,0.05,0.0,0.0,0.0,C,1.0,1.0,0.0,0.0,MC,True
12,35,35,5,6.2,1.0,2,0.145,1,0.2,14.4,0.2,0.2,0.0,0.0,0.0,C,0.8,0.8,0.0,0.0,MC,True
12,36,11,1,11.0,0.0,1,0.0,1,1.0,19.0,0.0,0.0,0.0,0.0,0.0,none,1.0,1.0,0.0,0.0,MC,True
12,37,13,4,3.0,0.33,2,0.0,2,0.5,5.5,0.25,0.25,0.0,0.0,0.0,C,0.0,0.0,0.0,0.0,none,True
12,38,13,1,13.0,0.0,1,0.0,1,1.0,15.0,1.0,1.0,1.0,0.0,0.0,C,0.0,0.0,0.0,0.0,none,True
12,39,52,15,2.53,1.0,5,0.326,3,0.2,6.07,0.067,0.067,0.0,0.0,0.0,C,0.933,0.933,0.0,0.0,MC,True
12,40,39,7,3.29,2.67,3,0.261,1,0.143,6.86,0.143,0.143,0.0,0.0,0.0,C,0.571,0.571,0.0,0.0,MC,True
12,41,5,2,-4.0,8.0,1,0.0,1,0.5,6.0,1.0,0.0,0.5,0.0,0.5,E,0.0,0.0,0.0,0.0,none,True
12,42,53,17,1.59,1.62,3,0.321,3,0.176,2.82,0.059,0.0,0.0,0.059,0.0,M,0.882,0.882,0.0,0.0,MC,True
12,43,46,14,3.29,0.0,4,0.446,5,0.357,9.21,0.143,0.143,0.0,0.0,0.0,C,0.857,0.571,0.286,0.0,MC,True
12,44,152,32,4.38,0.39,4,0.311,7,0.219,8.56,0.031,0.031,0.0,0.0,0.0,C,0.969,0.938,0.031,0.0,MC,True
12,45,119,13,2.85,6.83,4,0.304,4,0.308,6.62,0.154,0.0,0.0,0.077,0.077,M,0.846,0.846,0.0,0.0,MC,True
12,46,21,9,1.89,0.5,3,0.314,1,0.111,6.22,0.111,0.111,0.0,0.0,0.0,C,0.889,0.889,0.0,0.0,MC,True
12,47,179,21,3.19,5.6,4,0.146,7,0.333,6.81,0.095,0.048,0.0,0.0,0.048,C,0.905,0.857,0.048,0.0,MC,True
12,48,36,3,5.33,10.0,3,0.417,0,0.0,3.33,0.0,0.0,0.0,0.0,0.0,none,0.667,0.667,0.0,0.0,MC,True
13,0,11,3,3.67,0.0,3,0.303,1,0.333,5.67,0.0,0.0,0.0,0.0,0.0,none,0.667,0.667,0.0,0.0,MC,True
13,1,218,14,3.71,12.77,4,0.337,3,0.214,7.21,0.071,0.0,0.0,0.0,0.071,T,0.929,0.929,0.0,0.0,MC,True
13,2,2,1,2.0,0.0,1,0.0,1,1.0,4.0,1.0,0.0,0.0,1.0,0.0,M,0.0,0.0,0.0,0.0,none,True
13,3,10,3,2.67,1.0,2,0.25,1,0.333,6.33,0.333,0.0,0.0,0.333,0.0,M,0.667,0.667,0.0,0.0,MC,True
13,4,55,8,6.88,0.0,2,0.136,3,0.375,12.25,0.125,0.0,0.0,0.0,0.125,T,0.875,0.875,0.0,0.0,MC,True
13,5,256,37,4.57,2.42,2,0.24,13,0.351,10.46,0.027,0.0,0.0,0.027,0.0,M,0.973,0.973,0.0,0.0,MC,True
13,6,21,5,3.2,1.25,3,0.333,1,0.2,6.0,0.2,0.2,0.0,0.0,0.0,C,0.8,0.8,0.0,0.0,MC,True
13,7,17,7,2.43,0.0,5,0.282,4,0.571,5.43,0.286,0.143,0.0,0.143,0.0,C,0.571,0.571,0.0,0.0,MC,True
13,8,8,3,2.67,0.0,3,0.25,1,0.333,5.0,1.0,1.0,0.0,0.0,0.0,C,0.0,0.0,0.0,0.0,none,True
13,9,107,22,2.41,2.57,5,0.332,12,0.545,5.45,0.136,0.136,0.0,0.0,0.0,C,0.818,0.818,0.0,0.0,MC,True
13,10,22,8,2.75,0.0,4,0.273,3,0.375,5.5,0.125,0.0,0.0,0.125,0.0,M,0.875,0.875,0.0,0.0,MC,True
13,11,51,19,2.05,0.67,5,0.441,4,0.211,4.84,0.105,0.053,0.0,0.0,0.053,C,0.895,0.895,0.0,0.0,MC,True
13,12,8,3,2.67,0.0,3,0.333,0,0.0,6.0,0.0,0.0,0.0,0.0,0.0,none,0.667,0.667,0.0,0.0,MC,True
13,13,15,6,2.0,0.6,3,0.278,3,0.5,6.5,0.167,0.0,0.0,0.167,0.0,M,0.833,0.833,0.0,0.0,MC,True
13,14,53,10,4.3,1.11,2,0.244,2,0.2,10.6,0.2,0.1,0.0,0.0,0.1,C,0.7,0.7,0.0,0.0,MC,True
13,15,12,2,4.0,4.0,2,0.25,0,0.0,11.5,0.5,0.0,0.5,0.0,0.5,E,0.0,0.0,0.0,0.0,none,True
13,16,11,1,11.0,0.0,1,0.0,1,1.0,21.0,1.0,1.0,1.0,0.0,0.0,C,0.0,0.0,0.0,0.0,none,True
13,17,35,10,3.5,0.0,4,0.307,1,0.1,7.2,0.3,0.0,0.0,0.0,0.3,T,0.7,0.7,0.0,0.0,MC,True
13,18,141,25,3.36,2.38,4,0.375,5,0.2,4.8,0.04,0.0,0.0,0.0,0.04,T,0.84,0.84,0.0,0.0,MC,True
13,19,12,3,4.0,0.0,2,0.333,2,0.667,12.33,0.0,0.0,0.0,0.0,0.0,none,0.0,0.0,0.0,0.0,none,True
13,20,632,130,3.32,1.55,5,0.419,30,0.231,5.28,0.008,0.0,0.0,0.0,0.008,T,0.992,0.992,0.0,0.0,MC,True
13,21,78,19,3.89,0.22,4,0.385,1,0.053,6.32,0.053,0.0,0.0,0.0,0.053,T,0.947,0.947,0.0,0.0,MC,True
13,22,236,31,4.19,3.53,5,0.526,12,0.387,6.71,0.032,0.032,0.032,0.0,0.0,C,0.935,0.935,0.0,0.0,MC,True
13,23,4,2,2.0,0.0,2,0.25,1,0.5,5.5,0.0,0.0,0.0,0.0,0.0,none,1.0,1.0,0.0,0.0,MC,True
13,24,69,11,3.64,2.9,3,0.456,5,0.455,6.55,0.091,0.0,0.0,0.0,0.091,T,1.0,1.0,0.0,0.0,MC,True
13,25,5,3,1.67,0.0,2,0.1,1,0.333,1.67,0.0,0.0,0.0,0.0,0.0,none,1.0,1.0,0.0,0.0,MC,True
13,26,20,8,1.75,0.86,5,0.343,4,0.5,3.88,0.125,0.0,0.0,0.125,0.0,M,0.875,0.875,0.0,0.0,MC,True
13,27,48,10,2.4,2.67,4,0.25,2,0.2,5.8,0.3,0.1,0.1,0.0,0.1,C,0.8,0.8,0.0,0.0,MC,True
13,28,20,5,2.8,1.5,3,0.286,2,0.4,4.0,0.2,0.0,0.0,0.2,0.0,M,0.6,0.6,0.0,0.0,MC,True
13,29,36,3,4.33,11.5,2,0.192,1,0.333,10.33,0.333,0.0,0.0,0.0,0.333,T,0.667,0.667,0.0,0.0,MC,True
13,30,4,1,4.0,0.0,1,0.0,1,1.0,5.0,0.0,0.0,0.0,0.0,0.0,none,0.0,0.0,0.0,0.0,none,True
13,31,24,8,3.0,0.0,2,0.083,6,0.75,5.12,0.125,0.0,0.0,0.0,0.125,T,0.875,0.875,0.0,0.0,MC,True
13,32,153,35,3.74,0.65,5,0.516,8,0.229,7.46,0.114,0.029,0.0,0.029,0.057,T,0.886,0.886,0.0,0.0,MC,True
13,33,23,5,4.6,0.0,2,0.37,2,0.4,11.6,0.2,0.2,0.0,0.0,0.0,C,0.8,0.8,0.0,0.0,MC,True
13,34,195,14,9.14,5.15,3,0.552,4,0.286,10.07,0.143,0.071,0.071,0.0,0.0,C,0.929,0.929,0.0,0.0,MC,True
13,35,41,3,12.67,1.5,2,0.421,3,1.0,24.67,0.0,0.0,0.0,0.0,0.0,none,1.0,1.0,0.0,0.0,MC,True
13,36,214,32,5.03,1.71,4,0.371,11,0.344,8.72,0.125,0.062,0.031,0.031,0.0,C,0.375,0.375,0.0,0.0,MC,True
13,37,95,11,8.64,0.0,3,0.477,5,0.455,18.36,0.091,0.091,0.0,0.0,0.0,C,0.909,0.909,0.0,0.0,MC,True
13,38,51,8,4.5,2.14,3,0.204,1,0.125,7.25,0.0,0.0,0.0,0.0,0.0,none,0.0,0.0,0.0,0.0,none,True
14,0,13,3,3.67,1.0,2,0.136,0,0.0,3.67,0.0,0.0,0.0,0.0,0.0,none,0.0,0.0,0.0,0.0,none,True
14,1,83,25,2.56,0.79,4,0.32,6,0.24,5.2,0.04,0.0,0.0,0.0,0.04,T,0.96,0.96,0.0,0.0,MC,True
14,2,10,3,2.67,1.0,2,0.375,2,0.667,7.0,0.333,0.0,0.0,0.333,0.0,M,0.667,0.667,0.0,0.0,MC,True
14,3,63,12,4.0,1.36,4,0.49,4,0.333,9.25,0.167,0.083,0.0,0.083,0.0,C,0.833,0.833,0.0,0.0,MC,True
14,4,292,34,5.62,3.06,4,0.26,13,0.382,10.65,0.088,0.0,0.0,0.0,0.088,T,0.912,0.912,0.0,0.0,MC,True
14,5,6,3,2.0,0.0,2,0.167,1,0.333,5.67,0.0,0.0,0.0,0.0,0.0,none,1.0,1.0,0.0,0.0,MC,True
14,6,34,2,17.0,0.0,2,0.324,2,1.0,48.0,0.5,0.0,0.0,0.0,0.5,T,0.5,0.5,0.0,0.0,MC,True
14,7,24,2,12.0,0.0,2,0.333,1,0.5,30.0,0.5,0.5,0.0,0.0,0.0,C,0.5,0.5,0.0,0.0,MC,True
14,8,57,16,3.56,0.0,3,0.433,4,0.25,8.75,0.062,0.0,0.0,0.0,0.062,T,0.938,0.938,0.0,0.0,MC,True
14,9,94,7,4.14,10.83,3,0.46,4,0.571,8.71,0.143,0.0,0.0,0.143,0.0,M,0.571,0.571,0.0,0.0,MC,True
14,10,20,7,2.86,0.0,3,0.133,2,0.286,6.0,0.143,0.143,0.0,0.0,0.0,C,0.857,0.857,0.0,0.0,MC,True
14,11,68,3,2.67,30.0,2,0.0,2,0.667,9.0,0.333,0.333,0.0,0.0,0.0,C,0.0,0.0,0.0,0.0,none,True
14,12,34,8,4.25,0.0,3,0.275,2,0.25,6.88,0.125,0.0,0.0,0.125,0.0,M,0.875,0.875,0.0,0.0,MC,True
14,13,2,1,2.0,0.0,1,0.0,1,1.0,8.0,0.0,0.0,0.0,0.0,0.0,none,0.0,0.0,0.0,0.0,none,True
14,14,107,15,3.87,3.5,4,0.345,5,0.333,8.53,0.2,0.067,0.0,0.133,0.0,M,0.867,0.6,0.267,0.0,MC,True
14,15,23,5,2.2,3.0,3,0.303,1,0.2,6.6,0.2,0.0,0.0,0.2,0.0,M,1.0,1.0,0.0,0.0,MC,True
14,16,2,2,1.0,0.0,2,0.0,0,0.0,5.5,1.0,1.0,0.0,0.0,0.0,C,0.0,0.0,0.0,0.0,none,True
14,17,2,1,2.0,0.0,1,0.0,0,0.0,5.0,0.0,0.0,0.0,0.0,0.0,none,1.0,1.0,0.0,0.0,MC,True
14,18,78,12,4.0,2.73,2,0.146,3,0.25,7.83,0.083,0.0,0.0,0.0,0.083,T,1.0,1.0,0.0,0.0,MC,True
14,19,250,27,7.15,2.19,3,0.508,13,0.481,15.33,0.037,0.037,0.0,0.0,0.0,C,0.963,0.963,0.0,0.0,MC,True
14,20,172,18,3.06,6.88,5,0.502,7,0.389,7.78,0.167,0.111,0.0,0.056,0.0,C,0.722,0.722,0.0,0.0,MC,True
14,21,15,2,2.5,10.0,1,0.0,2,1.0,5.5,0.0,0.0,0.0,0.0,0.0,none,0.0,0.0,0.0,0.0,none,True
14,22,209,26,5.46,2.68,6,0.488,4,0.154,11.58,0.192,0.154,0.038,0.0,0.0,C,0.846,0.615,0.231,0.0,MC,True
14,23,51,8,5.12,1.43,4,0.409,3,0.375,13.0,0.25,0.0,0.0,0.125,0.125,M,0.75,0.75,0.0,0.0,MC,True
14,24,129,11,8.45,3.6,4,0.583,4,0.364,15.82,0.0,0.0,0.0,0.0,0.0,none,0.0,0.0,0.0,0.0,none,True
14,25,6,1,6.0,0.0,1,0.0,0,0.0,10.0,0.0,0.0,0.0,0.0,0.0,none,0.0,0.0,0.0,0.0,none,True
14,26,53,12,4.17,0.27,5,0.552,1,0.083,10.0,0.083,0.0,0.0,0.0,0.083,T,0.5,0.5,0.0,0.0,MC,True
14,27,89,18,3.0,2.06,5,0.304,5,0.278,5.72,0.222,0.056,0.056,0.111,0.0,M,0.778,0.778,0.0,0.0,MC,True
14,28,94,14,5.0,1.85,5,0.383,7,0.5,9.0,0.143,0.143,0.0,0.0,0.0,C,0.571,0.571,0.0,0.0,MC,True
14,29,127,20,5.65,0.74,4,0.586,10,0.5,16.35,0.05,0.0,0.0,0.05,0.0,M,0.95,0.95,0.0,0.0,MC,True
14,30,24,4,4.5,2.0,3,0.222,0,0.0,10.25,0.5,0.0,0.0,0.5,0.0,M,0.0,0.0,0.0,0.0,none,True
14,31,72,12,5.17,0.91,4,0.274,4,0.333,8.5,0.083,0.083,0.0,0.0,0.0,C,0.917,0.917,0.0,0.0,MC,True
14,32,80,17,4.41,0.31,3,0.356,11,0.647,11.59,0.059,0.059,0.0,0.0,0.0,C,0.882,0.882,0.0,0.0,MC,True
14,33,113,24,3.54,1.22,4,0.356,3,0.125,8.5,0.083,0.042,0.042,0.0,0.0,C,0.792,0.792,0.0,0.0,MC,True
14,34,147,27,4.85,0.62,5,0.455,10,0.37,9.7,0.148,0.111,0.037,0.0,0.0,C,0.926,0.926,0.0,0.0,MC,True
14,35,156,13,11.54,0.5,4,0.55,1,0.077,26.54,0.077,0.077,0.0,0.0,0.0,C,0.846,0.846,0.0,0.0,MC,True
14,36,53,2,25.5,2.0,2,0.402,2,1.0,67.0,0.5,0.5,0.0,0.0,0.0,C,0.5,0.5,0.0,0.0,MC,True
15,0,13,2,6.5,0.0,2,0.423,1,0.5,11.5,0.5,0.0,0.0,0.5,0.0,M,0.0,0.0,0.0,0.0,none,True
15,1,103,4,17.0,11.67,2,0.426,1,0.25,24.5,0.25,0.0,0.0,0.0,0.25,T,0.75,0.75,0.0,0.0,MC,True
15,2,33,5,6.0,0.75,2,0.233,2,0.4,8.8,0.2,0.2,0.0,0.0,0.0,C,0.8,0.8,0.0,0.0,MC,True
15,3,81,4,8.75,15.33,2,0.329,0,0.0,21.5,0.25,0.0,0.0,0.0,0.25,T,0.75,0.75,0.0,0.0,MC,True
15,4,6,3,2.0,0.0,2,0.333,1,0.333,4.33,0.333,0.0,0.0,0.0,0.333,T,0.667,0.667,0.0,0.0,MC,True
15,5,196,20,7.15,2.79,2,0.43,12,0.6,15.5,0.0,0.0,0.0,0.0,0.0,none,0.95,0.95,0.0,0.0,MC,True
15,6,319,60,5.23,0.08,5,0.6,17,0.283,12.87,0.083,0.067,0.017,0.017,0.017,C,0.917,0.917,0.0,0.0,MC,True
15,7,99,24,2.67,1.52,3,0.26,5,0.208,4.71,0.208,0.042,0.0,0.083,0.083,M,0.167,0.167,0.0,0.0,MC,True
15,8,177,45,3.07,0.89,4,0.221,12,0.267,4.07,0.022,0.022,0.0,0.0,0.0,C,0.911,0.911,0.0,0.0,MC,True
15,9,13,4,1.75,2.0,2,0.071,0,0.0,4.25,0.0,0.0,0.0,0.0,0.0,none,0.0,0.0,0.0,0.0,none,True
15,10,140,17,6.35,2.0,4,0.611,6,0.353,10.18,0.118,0.0,0.0,0.118,0.0,M,0.353,0.118,0.235,0.0,TA,True
15,11,92,13,4.77,2.5,2,0.339,7,0.538,9.62,0.077,0.077,0.0,0.0,0.0,C,0.846,0.846,0.0,0.0,MC,True
15,12,152,15,9.87,0.29,3,0.523,4,0.267,20.2,0.067,0.067,0.0,0.0,0.0,C,0.667,0.667,0.0,0.0,MC,True
15,13,97,10,8.7,1.11,3,0.23,1,0.1,19.0,0.3,0.3,0.0,0.0,0.0,C,0.7,0.7,0.0,0.0,MC,True
15,14,17,7,2.29,0.17,3,0.125,6,0.857,3.57,0.143,0.0,0.0,0.143,0.0,M,0.857,0.857,0.0,0.0,MC,True
15,15,66,12,4.17,1.45,2,0.1,2,0.167,4.75,0.167,0.083,0.083,0.0,0.0,C,0.75,0.75,0.0,0.0,MC,True
15,16,43,15,2.47,0.43,2,0.203,5,0.333,4.2,0.067,0.0,0.0,0.0,0.067,T,0.667,0.667,0.0,0.0,MC,True
15,17,23,6,1.0,3.4,2,0.0,2,0.333,3.33,0.167,0.0,0.0,0.0,0.167,T,0.667,0.667,0.0,0.0,MC,True
15,18,17,5,2.4,1.25,3,0.278,2,0.4,4.8,0.2,0.2,0.0,0.0,0.0,C,0.8,0.8,0.0,0.0,MC,True
15,19,20,10,2.0,0.0,2,0.1,0,0.0,6.1,0.1,0.0,0.0,0.1,0.0,M,0.3,0.3,0.0,0.0,MC,True
15,20,67,14,3.43,1.46,3,0.181,5,0.357,7.29,0.214,0.071,0.0,0.071,0.071,C,0.5,0.5,0.0,0.0,MC,True
15,21,51,13,3.0,1.0,4,0.34,6,0.462,5.23,0.308,0.154,0.0,0.154,0.0,C,0.538,0.538,0.0,0.0,MC,True
15,22,1,1,1.0,0.0,1,0.0,1,1.0,13.0,1.0,0.0,0.0,1.0,0.0,M,0.0,0.0,0.0,0.0,none,True
15,23,30,8,2.25,1.71,3,0.185,3,0.375,4.12,0.125,0.0,0.0,0.0,0.125,T,0.875,0.875,0.0,0.0,MC,True
15,24,10,4,2.5,0.0,3,0.4,1,0.25,6.5,0.25,0.0,0.0,0.0,0.25,T,0.5,0.5,0.0,0.0,MC,True
15,25,11,3,3.67,0.0,2,0.318,2,0.667,7.33,0.333,0.0,0.0,0.333,0.0,M,0.667,0.667,0.0,0.0,MC,True
15,26,93,27,1.81,1.69,4,0.219,2,0.074,4.56,0.111,0.037,0.037,0.037,0.0,C,0.259,0.222,0.037,0.0,MC,True
15,27,206,31,6.48,0.17,3,0.302,12,0.387,16.35,0.032,0.032,0.0,0.0,0.0,C,0.935,0.935,0.0,0.0,MC,True
15,28,75,7,10.71,0.0,2,0.46,2,0.286,12.29,0.143,0.0,0.0,0.143,0.0,M,0.714,0.0,0.714,0.0,TA,True
15,29,22,11,2.0,0.0,4,0.227,5,0.455,5.91,0.182,0.0,0.0,0.182,0.0,M,0.636,0.636,0.0,0.0,MC,True
15,30,72,10,4.6,2.89,3,0.116,2,0.2,5.3,0.1,0.0,0.0,0.0,0.1,T,0.6,0.6,0.0,0.0,MC,True
15,31,547,76,7.0,0.2,4,0.112,12,0.158,17.83,0.026,0.013,0.0,0.013,0.0,C,0.961,0.711,0.184,0.066,MC,True
16,0,3,2,1.5,0.0,2,0.5,1,0.5,2.0,0.5,0.5,0.0,0.0,0.0,C,0.5,0.5,0.0,0.0,MC,True
16,1,228,30,6.57,1.07,2,0.327,10,0.333,15.37,0.033,0.0,0.0,0.0,0.033,T,0.967,0.967,0.0,0.0,MC,True
16,2,27,4,2.5,5.67,2,0.0,3,0.75,4.25,0.25,0.0,0.0,0.25,0.0,M,0.75,0.75,0.0,0.0,MC,True
16,3,11,2,4.5,2.0,2,0.278,1,0.5,7.5,0.5,0.5,0.0,0.0,0.0,C,0.5,0.5,0.0,0.0,MC,True
16,4,25,3,7.67,1.0,2,0.109,0,0.0,16.67,0.333,0.333,0.0,0.0,0.0,C,0.667,0.667,0.0,0.0,MC,True
16,5,10,2,5.0,0.0,2,0.3,1,0.5,12.0,0.5,0.0,0.0,0.5,0.0,M,0.5,0.5,0.0,0.0,MC,True
16,6,221,16,5.12,9.27,4,0.384,5,0.312,11.69,0.188,0.125,0.0,0.062,0.0,C,0.688,0.688,0.0,0.0,MC,True
16,7,52,10,5.1,0.11,3,0.379,4,0.4,15.1,0.1,0.0,0.0,0.1,0.0,M,0.7,0.7,0.0,0.0,MC,True
16,8,116,21,5.33,0.2,4,0.504,5,0.238,13.67,0.048,0.048,0.0,0.0,0.0,C,0.952,0.952,0.0,0.0,MC,True
16,9,11,6,1.83,0.0,2,0.318,2,0.333,4.67,0.167,0.0,0.0,0.0,0.167,T,0.333,0.333,0.0,0.0,MC,True
16,10,122,20,4.3,1.89,4,0.372,6,0.3,13.45,0.1,0.1,0.0,0.0,0.0,C,0.85,0.85,0.0,0.0,MC,True
16,11,19,2,9.5,0.0,2,0.289,1,0.5,16.5,0.5,0.5,0.0,0.0,0.0,C,0.0,0.0,0.0,0.0,none,True
16,12,12,6,2.0,0.0,3,0.278,2,0.333,6.17,0.333,0.0,0.0,0.167,0.167,M,0.333,0.333,0.0,0.0,MC,True
16,13,7,5,1.2,0.25,2,0.167,2,0.4,2.6,0.2,0.2,0.0,0.0,0.0,C,0.8,0.8,0.0,0.0,MC,True
16,14,11,2,5.5,0.0,2,0.318,0,0.0,8.0,0.5,0.0,0.0,0.5,0.0,M,0.5,0.5,0.0,0.0,MC,True
16,15,66,9,3.89,3.88,3,0.286,4,0.444,7.78,0.222,0.111,0.0,0.111,0.0,C,0.667,0.667,0.0,0.0,MC,True
16,16,21,7,1.71,1.5,2,0.167,4,0.571,5.57,0.143,0.0,0.0,0.143,0.0,M,0.857,0.857,0.0,0.0,MC,True
16,17,82,13,5.08,1.33,5,0.206,2,0.154,12.15,0.077,0.077,0.0,0.0,0.0,C,0.538,0.538,0.0,0.0,MC,True
16,18,136,22,5.14,1.1,5,0.481,4,0.182,11.91,0.091,0.045,0.045,0.0,0.0,C,0.955,0.955,0.0,0.0,MC,True
16,19,32,7,4.29,0.33,4,0.45,3,0.429,4.71,0.286,0.143,0.143,0.0,0.0,C,0.714,0.714,0.0,0.0,MC,True
16,20,123,36,2.83,0.6,5,0.486,6,0.167,7.5,0.083,0.028,0.056,0.0,0.0,E,0.972,0.972,0.0,0.0,MC,True
16,21,60,4,7.0,10.67,3,0.333,1,0.25,14.0,0.25,0.25,0.0,0.0,0.0,C,0.5,0.5,0.0,0.0,MC,True
16,22,18,5,3.2,0.5,2,0.0,1,0.2,8.8,0.6,0.0,0.6,0.0,0.0,E,0.6,0.0,0.0,0.6,RA,True
16,23,91,12,6.0,1.73,2,0.028,1,0.083,18.0,0.167,0.0,0.083,0.083,0.0,E,0.833,0.833,0.0,0.0,MC,True
16,24,71,11,5.55,1.0,2,0.123,0,0.0,11.55,0.0,0.0,0.0,0.0,0.0,none,0.0,0.0,0.0,0.0,none,True
16,25,27,7,3.0,1.0,4,0.417,3,0.429,6.0,0.143,0.143,0.0,0.0,0.0,C,0.857,0.857,0.0,0.0,MC,True
16,26,4,2,1.5,1.0,2,0.167,1,0.5,2.5,0.5,0.0,0.0,0.0,0.5,T,0.5,0.5,0.0,0.0,MC,True
16,27,42,7,4.86,1.33,3,0.392,2,0.286,9.86,0.143,0.143,0.0,0.0,0.0,C,0.286,0.286,0.0,0.0,MC,True
16,28,600,88,4.7,2.14,5,0.535,33,0.375,9.18,0.159,0.091,0.057,0.011,0.011,C,0.761,0.761,0.0,0.0,MC,True
16,29,16,3,5.33,0.0,2,0.0,1,0.333,16.33,0.333,0.0,0.0,0.333,0.0,M,1.0,0.0,0.0,1.0,RA,True
16,30,25,3,7.0,2.0,2,0.214,1,0.333,14.33,0.667,0.333,0.333,0.0,0.0,C,0.667,0.667,0.0,0.0,MC,True
16,31,61,8,2.88,5.43,4,0.446,3,0.375,5.88,0.375,0.125,0.25,0.125,0.0,E,0.125,0.125,0.0,0.0,MC,True
16,32,43,13,3.08,0.25,4,0.35,5,0.385,7.92,0.385,0.385,0.0,0.0,0.0,C,0.615,0.615,0.0,0.0,MC,True
16,33,54,3,17.0,1.5,2,0.265,2,0.667,32.0,0.333,0.333,0.0,0.0,0.0,C,0.667,0.667,0.0,0.0,MC,True
16,34,44,8,3.25,2.57,2,0.346,3,0.375,9.0,0.125,0.125,0.0,0.0,0.0,C,0.875,0.875,0.0,0.0,MC,True
16,35,48,14,3.43,0.0,2,0.104,7,0.5,8.0,0.071,0.071,0.0,0.0,0.0,C,0.857,0.857,0.0,0.0,MC,True
16,36,56,10,4.2,1.56,3,0.365,2,0.2,9.0,0.1,0.1,0.0,0.0,0.0,C,0.6,0.6,0.0,0.0,MC,True
16,37,221,18,10.06,2.35,2,0.273,5,0.278,19.17,0.056,0.056,0.0,0.0,0.0,C,0.944,0.944,0.0,0.0,MC,True
16,38,61,15,3.67,0.43,3,0.327,3,0.2,9.93,0.067,0.067,0.0,0.0,0.0,C,0.467,0.0,0.333,0.133,TA,True
16,39,253,24,10.04,0.52,4,0.52,6,0.25,22.92,0.083,0.083,0.0,0.0,0.0,C,0.75,0.75,0.0,0.0,MC,True
17,0,178,43,3.63,0.52,5,0.556,11,0.256,7.84,0.093,0.023,0.0,0.047,0.023,M,0.605,0.605,0.0,0.0,MC,True
17,1,288,60,3.65,1.17,5,0.36,10,0.167,7.52,0.067,0.033,0.0,0.033,0.017,C,0.9,0.9,0.0,0.0,MC,True
17,2,295,23,7.3,5.77,5,0.26,6,0.261,14.35,0.13,0.087,0.0,0.043,0.0,C,0.391,0.217,0.174,0.0,MC,True
17,3,250,28,7.5,1.48,3,0.413,8,0.286,15.43,0.071,0.071,0.0,0.0,0.0,C,0.464,0.179,0.286,0.0,TA,True
17,4,94,9,9.78,0.75,5,0.618,3,0.333,25.78,0.111,0.0,0.0,0.111,0.0,M,0.889,0.889,0.0,0.0,MC,True
17,5,56,10,5.6,0.0,3,0.119,4,0.4,15.0,0.1,0.1,0.0,0.0,0.0,C,0.9,0.9,0.0,0.0,MC,True
17,6,196,39,3.95,1.11,5,0.41,11,0.282,8.26,0.103,0.103,0.0,0.0,0.0,C,0.513,0.513,0.0,0.0,MC,True
17,7,104,13,8.0,0.0,4,0.327,6,0.462,15.31,0.154,0.077,0.0,0.077,0.0,C,0.846,0.846,0.0,0.0,MC,True
17,8,104,13,8.0,0.0,4,0.221,4,0.308,16.23,0.154,0.077,0.0,0.077,0.0,C,0.923,0.923,0.0,0.0,MC,True
17,9,42,9,4.67,0.0,3,0.381,3,0.333,9.89,0.111,0.0,0.0,0.111,0.0,M,0.889,0.889,0.0,0.0,MC,True
17,10,62,14,3.86,0.62,4,0.343,2,0.143,6.79,0.214,0.071,0.0,0.071,0.143,T,0.786,0.786,0.0,0.0,MC,True
17,11,124,16,6.81,1.0,5,0.591,7,0.438,14.94,0.188,0.062,0.062,0.062,0.0,C,0.875,0.875,0.0,0.0,MC,True
17,12,42,14,2.57,0.46,4,0.347,1,0.071,6.21,0.071,0.071,0.0,0.0,0.0,C,0.643,0.643,0.0,0.0,MC,True
17,13,86,7,10.0,2.67,3,0.314,2,0.286,27.57,0.286,0.0,0.143,0.143,0.0,E,0.714,0.714,0.0,0.0,MC,True
17,14,32,9,3.33,0.25,4,0.317,3,0.333,7.44,0.111,0.0,0.0,0.111,0.0,M,0.667,0.333,0.333,0.0,MC,True
17,15,96,15,5.6,0.86,5,0.457,6,0.4,11.0,0.2,0.067,0.0,0.067,0.067,C,0.533,0.533,0.0,0.0,MC,True
17,16,139,25,4.56,1.04,4,0.412,8,0.32,9.24,0.08,0.0,0.0,0.0,0.08,T,0.68,0.68,0.0,0.0,MC,True
17,17,59,16,3.44,0.27,5,0.487,3,0.188,6.88,0.062,0.0,0.0,0.0,0.062,T,0.875,0.812,0.062,0.0,MC,True
17,18,15,4,3.75,-3.0,2,0.367,1,0.25,7.0,0.25,0.25,0.0,0.0,0.0,C,0.75,0.75,0.0,0.0,MC,True
17,19,94,12,7.25,0.64,3,0.314,5,0.417,15.42,0.25,0.25,0.083,0.0,0.0,C,0.5,0.5,0.0,0.0,MC,True
17,20,70,12,3.25,2.82,4,0.237,5,0.417,5.67,0.25,0.083,0.0,0.083,0.083,C,0.083,0.083,0.0,0.0,MC,True
17,21,24,3,8.0,0.0,3,0.333,2,0.667,13.33,0.0,0.0,0.0,0.0,0.0,none,0.0,0.0,0.0,0.0,none,True
17,22,22,6,3.67,0.0,4,0.25,1,0.167,7.17,0.0,0.0,0.0,0.0,0.0,none,0.0,0.0,0.0,0.0,none,True
17,23,16,6,2.67,0.0,3,0.167,0,0.0,5.0,0.0,0.0,0.0,0.0,0.0,none,0.0,0.0,0.0,0.0,none,True
17,24,16,4,2.25,2.33,3,0.296,0,0.0,7.25,0.5,0.0,0.0,0.0,0.5,T,0.5,0.5,0.0,0.0,MC,True
17,25,252,45,5.44,0.16,5,0.382,8,0.178,11.6,0.044,0.044,0.0,0.0,0.0,C,0.911,0.822,0.089,0.0,MC,True
17,26,50,13,3.85,0.0,4,0.4,4,0.308,7.69,0.154,0.077,0.0,0.077,0.0,C,0.692,0.692,0.0,0.0,MC,True
17,27,36,15,2.0,0.43,5,0.16,4,0.267,3.67,0.067,0.0,0.0,0.0,0.067,T,0.933,0.933,0.0,0.0,MC,True
17,28,28,6,4.17,0.6,4,0.47,0,0.0,6.5,0.167,0.0,0.167,0.0,0.0,E,0.5,0.5,0.0,0.0,MC,True
17,29,22,4,3.5,2.67,3,0.381,0,0.0,4.75,0.25,0.0,0.0,0.0,0.25,T,0.25,0.25,0.0,0.0,MC,True
17,30,130,19,6.63,0.22,5,0.292,6,0.316,16.84,0.053,0.053,0.0,0.0,0.0,C,0.526,0.526,0.0,0.0,MC,True
17,31,16,3,5.33,0.0,2,0.125,0,0.0,16.33,0.0,0.0,0.0,0.0,0.0,none,0.0,0.0,0.0,0.0,none,True
17,32,60,8,3.25,4.86,4,0.442,0,0.0,5.5,0.125,0.0,0.125,0.0,0.0,E,0.125,0.125,0.0,0.0,MC,True
17,33,12,3,4.0,0.0,2,0.333,0,0.0,12.33,0.0,0.0,0.0,0.0,0.0,none,1.0,1.0,0.0,0.0,MC,True
17,34,68,15,3.73,0.86,5,0.314,2,0.133,7.47,0.067,0.067,0.0,0.0,0.0,C,0.2,0.2,0.0,0.0,MC,True
17,35,18,5,3.4,0.25,3,0.157,2,0.4,6.6,0.2,0.2,0.0,0.0,0.0,C,0.2,0.2,0.0,0.0,MC,True
17,36,12,4,2.5,0.67,3,0.267,1,0.25,6.25,0.0,0.0,0.0,0.0,0.0,none,0.0,0.0,0.0,0.0,none,True
17,37,8,3,2.67,0.0,2,0.0,1,0.333,4.0,0.0,0.0,0.0,0.0,0.0,none,1.0,1.0,0.0,0.0,MC,True
17,38,162,16,9.62,0.53,4,0.276,5,0.312,21.69,0.062,0.0,0.0,0.0,0.062,T,0.0,0.0,0.0,0.0,none,True
17,39,4,2,2.0,0.0,2,0.0,1,0.5,4.0,0.5,0.0,0.0,0.5,0.0,M,0.5,0.5,0.0,0.0,MC,True
17,40,106,12,7.67,1.27,4,0.163,5,0.417,12.67,0.083,0.0,0.0,0.083,0.0,M,0.667,0.667,0.0,0.0,MC,True
17,41,8,1,8.0,0.0,1,0.0,0,0.0,9.0,0.0,0.0,0.0,0.0,0.0,none,1.0,1.0,0.0,0.0,MC,True
18,0,16,4,4.0,0.0,2,0.312,2,0.5,7.0,0.25,0.0,0.0,0.25,0.0,M,0.75,0.75,0.0,0.0,MC,True
18,1,115,17,6.76,0.0,5,0.567,4,0.235,14.65,0.059,0.0,0.0,0.059,0.0,M,0.059,0.059,0.0,0.0,MC,True
18,2,3,1,3.0,0.0,1,0.0,1,1.0,10.0,1.0,1.0,0.0,0.0,0.0,C,0.0,0.0,0.0,0.0,none,True
18,3,72,12,3.75,2.45,2,0.167,6,0.5,6.83,0.0,0.0,0.0,0.0,0.0,none,0.917,0.917,0.0,0.0,MC,True
18,4,97,7,7.86,7.0,2,0.027,3,0.429,19.14,0.143,0.143,0.0,0.0,0.0,C,0.857,0.857,0.0,0.0,MC,True
18,5,118,10,11.8,0.0,3,0.514,4,0.4,33.7,0.0,0.0,0.0,0.0,0.0,none,1.0,1.0,0.0,0.0,MC,True
18,6,43,12,3.58,0.0,2,0.012,6,0.5,6.83,0.25,0.167,0.0,0.083,0.0,C,0.75,0.75,0.0,0.0,MC,True
18,7,120,11,6.0,5.4,2,0.212,4,0.364,10.27,0.273,0.273,0.0,0.0,0.0,C,0.727,0.727,0.0,0.0,MC,True
18,8,23,6,1.5,2.8,2,0.278,3,0.5,3.83,0.167,0.0,0.0,0.0,0.167,T,0.833,0.833,0.0,0.0,MC,True
18,9,131,16,6.31,2.0,2,0.104,6,0.375,13.12,0.25,0.25,0.062,0.0,0.0,C,0.875,0.875,0.0,0.0,MC,True
18,10,2,1,2.0,0.0,1,0.0,0,0.0,2.0,0.0,0.0,0.0,0.0,0.0,none,1.0,1.0,0.0,0.0,MC,True
18,11,29,4,4.5,3.67,3,0.222,1,0.25,7.75,0.5,0.0,0.25,0.25,0.0,E,0.5,0.5,0.0,0.0,MC,True
18,12,11,3,3.67,0.0,2,0.409,1,0.333,4.67,0.0,0.0,0.0,0.0,0.0,none,0.0,0.0,0.0,0.0,none,True
18,13,44,3,7.33,11.0,3,0.303,0,0.0,14.33,0.0,0.0,0.0,0.0,0.0,none,0.0,0.0,0.0,0.0,none,True
18,14,19,5,3.8,0.0,2,0.289,2,0.4,5.2,0.2,0.0,0.0,0.0,0.2,T,0.8,0.8,0.0,0.0,MC,True
18,15,23,3,4.33,5.0,2,0.346,2,0.667,9.0,0.0,0.0,0.0,0.0,0.0,none,1.0,1.0,0.0,0.0,MC,True
18,16,15,3,5.0,0.0,2,0.233,1,0.333,7.67,0.333,0.333,0.0,0.0,0.0,C,0.667,0.667,0.0,0.0,MC,True
18,17,73,13,3.46,2.33,3,0.43,5,0.385,9.77,0.308,0.154,0.0,0.154,0.0,C,0.692,0.385,0.308,0.0,MC,True
18,18,66,4,1.5,20.0,2,0.333,1,0.25,4.25,0.25,0.0,0.0,0.0,0.25,T,0.75,0.75,0.0,0.0,MC,True
18,19,238,10,3.6,22.44,4,0.444,3,0.3,8.5,0.2,0.2,0.0,0.0,0.0,C,0.4,0.4,0.0,0.0,MC,True
18,20,30,4,3.25,5.67,2,0.423,1,0.25,8.25,0.25,0.25,0.0,0.0,0.0,C,0.75,0.75,0.0,0.0,MC,True
18,21,21,3,2.67,6.5,2,0.375,0,0.0,10.33,0.333,0.0,0.0,0.333,0.0,M,1.0,1.0,0.0,0.0,MC,True
18,22,17,7,1.86,0.67,3,0.462,5,0.714,4.43,0.143,0.0,0.143,0.0,0.0,E,0.857,0.857,0.0,0.0,MC,True
18,23,16,2,3.5,9.0,1,0.0,0,0.0,5.5,0.0,0.0,0.0,0.0,0.0,none,1.0,1.0,0.0,0.0,MC,True
18,24,34,10,3.4,0.0,4,0.25,2,0.2,4.6,0.1,0.1,0.0,0.0,0.0,C,0.8,0.8,0.0,0.0,MC,True
18,25,75,17,3.76,0.69,4,0.344,3,0.176,11.59,0.059,0.0,0.0,0.059,0.0,M,0.941,0.941,0.0,0.0,MC,True
18,26,15,9,1.44,0.25,3,0.205,5,0.556,4.11,0.0,0.0,0.0,0.0,0.0,none,1.0,1.0,0.0,0.0,MC,True
18,27,24,9,1.67,1.12,2,0.033,3,0.333,4.33,0.111,0.111,0.0,0.0,0.0,C,0.778,0.778,0.0,0.0,MC,True
19,0,3,1,3.0,0.0,1,0.0,0,0.0,7.0,0.0,0.0,0.0,0.0,0.0,none,0.0,0.0,,0.0,none,False
19,1,6,5,1.2,0.0,2,0.167,2,0.4,3.0,0.2,0.2,0.0,0.0,0.0,C,0.4,0.4,,0.0,MC,False
19,2,123,29,4.1,0.14,5,0.346,6,0.207,10.24,0.103,0.069,0.0,0.034,0.0,C,0.586,0.586,,0.0,MC,False
19,3,3,2,1.5,0.0,2,0.167,1,0.5,6.0,0.0,0.0,0.0,0.0,0.0,none,0.0,0.0,,0.0,none,False
19,4,128,19,3.84,3.06,3,0.201,6,0.316,7.79,0.158,0.105,0.0,0.053,0.0,C,0.684,0.684,,0.0,MC,False
19,5,6,3,1.0,1.5,2,0.167,2,0.667,1.67,0.333,0.0,0.0,0.333,0.0,M,0.333,0.333,,0.0,MC,False
19,6,13,3,4.33,0.0,3,0.154,2,0.667,8.67,0.667,0.0,0.0,0.667,0.0,M,0.333,0.333,,0.0,MC,False
19,7,33,9,3.0,0.75,4,0.213,4,0.444,7.33,0.222,0.111,0.0,0.0,0.111,C,0.556,0.556,,0.0,MC,False
19,8,6,1,6.0,0.0,1,0.0,1,1.0,21.0,1.0,0.0,0.0,0.0,1.0,T,0.0,0.0,,0.0,none,False
19,9,17,6,2.0,1.0,4,0.333,3,0.5,5.83,0.333,0.167,0.0,0.0,0.167,C,0.667,0.667,,0.0,MC,False
19,10,58,14,3.71,0.46,5,0.331,6,0.429,8.29,0.071,0.071,0.0,0.0,0.0,C,0.929,0.929,,0.0,MC,False
19,11,47,8,5.5,0.43,3,0.394,3,0.375,11.0,0.125,0.125,0.0,0.0,0.0,C,0.75,0.75,,0.0,MC,False
19,12,13,4,2.25,1.33,2,0.389,2,0.5,6.75,0.25,0.0,0.0,0.0,0.25,T,0.0,0.0,,0.0,none,False
19,13,6,2,2.5,1.0,2,0.1,1,0.5,7.0,1.0,0.0,1.0,0.0,0.0,E,0.0,0.0,,0.0,none,False
19,14,32,4,6.75,1.67,3,0.519,2,0.5,6.5,0.25,0.25,0.0,0.0,0.0,C,0.75,0.75,,0.0,MC,False
19,15,82,16,2.94,2.33,5,0.281,5,0.312,7.0,0.062,0.0,0.0,0.0,0.062,T,0.938,0.938,,0.0,MC,False
19,16,28,5,5.6,0.0,3,0.429,3,0.6,10.0,0.4,0.4,0.0,0.0,0.0,C,0.4,0.4,,0.0,MC,False
19,17,18,3,6.0,0.0,2,0.389,2,0.667,10.67,0.333,0.0,0.0,0.0,0.333,T,0.667,0.667,,0.0,MC,False
19,18,72,7,3.71,7.67,3,0.462,1,0.143,4.14,0.286,0.143,0.0,0.0,0.143,C,0.143,0.143,,0.0,MC,False
19,19,23,2,1.5,20.0,1,0.0,0,0.0,4.5,0.5,0.5,0.0,0.0,0.0,C,0.0,0.0,,0.0,none,False
19,20,45,13,3.31,0.17,4,0.343,4,0.308,7.85,0.154,0.077,0.0,0.077,0.0,C,0.846,0.846,,0.0,MC,False
19,21,44,9,4.44,0.5,4,0.45,1,0.111,8.67,0.111,0.0,0.0,0.111,0.0,M,0.778,0.778,,0.0,MC,False
19,22,247,29,5.59,3.04,3,0.486,9,0.31,10.41,0.207,0.172,0.0,0.034,0.0,C,0.724,0.724,,0.0,MC,False
19,23,55,9,5.67,0.5,4,0.387,1,0.111,8.44,0.222,0.111,0.0,0.111,0.0,C,0.111,0.111,,0.0,MC,False
19,24,55,8,3.25,4.14,3,0.385,4,0.5,6.38,0.125,0.125,0.0,0.0,0.0,C,0.875,0.875,,0.0,MC,False
19,25,33,9,2.44,1.38,4,0.386,2,0.222,6.67,0.111,0.111,0.0,0.0,0.0,C,0.556,0.556,,0.0,MC,False
19,26,56,10,3.5,2.33,4,0.364,2,0.2,6.7,0.0,0.0,0.0,0.0,0.0,none,0.9,0.9,,0.0,MC,False
19,27,292,32,9.03,0.1,5,0.597,9,0.281,17.97,0.094,0.094,0.0,0.0,0.0,C,0.906,0.906,,0.0,MC,False
20,0,4,3,1.0,0.5,2,0.167,0,0.0,4.33,0.0,0.0,0.0,0.0,0.0,none,0.0,0.0,0.0,0.0,none,True
20,1,50,6,6.83,1.8,2,0.11,1,0.167,15.33,0.5,0.0,0.0,0.5,0.0,M,0.0,0.0,0.0,0.0,none,True
20,2,7,2,3.5,0.0,2,0.357,1,0.5,7.5,0.5,0.5,0.0,0.0,0.0,C,0.5,0.5,0.0,0.0,MC,True
20,3,16,2,7.5,1.0,2,0.167,1,0.5,16.5,0.0,0.0,0.0,0.0,0.0,none,1.0,1.0,0.0,0.0,MC,True
20,4,73,9,6.33,2.0,3,0.199,1,0.111,14.0,0.111,0.111,0.0,0.0,0.0,C,0.556,0.556,0.0,0.0,MC,True
20,5,86,8,10.5,0.29,3,0.365,2,0.25,25.0,0.125,0.0,0.0,0.125,0.0,M,0.875,0.0,0.875,0.0,TA,True
20,6,54,9,5.78,0.25,4,0.317,2,0.222,15.11,0.0,0.0,0.0,0.0,0.0,none,1.0,0.0,1.0,0.0,TA,True
20,7,108,10,9.6,1.33,4,0.38,2,0.2,23.7,0.0,0.0,0.0,0.0,0.0,none,1.0,0.0,0.7,0.3,TA,True
20,8,36,1,36.0,0.0,1,0.0,1,1.0,102.0,0.0,0.0,0.0,0.0,0.0,none,1.0,0.0,1.0,0.0,TA,True
20,9,284,43,4.65,2.0,4,0.315,9,0.209,11.19,0.023,0.023,0.0,0.0,0.0,C,0.977,0.953,0.023,0.0,MC,True
20,10,95,15,3.27,3.29,4,0.393,3,0.2,9.07,0.067,0.0,0.0,0.0,0.067,T,0.667,0.667,0.0,0.0,MC,True
20,11,425,71,5.44,0.56,4,0.312,21,0.296,9.99,0.085,0.07,0.0,0.0,0.014,C,0.817,0.746,0.07,0.0,MC,True
20,12,65,20,3.2,0.05,4,0.188,3,0.15,6.7,0.1,0.0,0.0,0.0,0.1,T,0.45,0.45,0.0,0.0,MC,True
20,13,29,6,4.83,0.0,2,0.155,2,0.333,11.17,0.0,0.0,0.0,0.0,0.0,none,0.167,0.0,0.0,0.167,RA,True
20,14,4,2,2.0,0.0,2,0.25,0,0.0,4.0,0.0,0.0,0.0,0.0,0.0,none,0.0,0.0,0.0,0.0,none,True
20,15,2,1,2.0,0.0,1,0.0,0,0.0,2.0,1.0,0.0,1.0,0.0,0.0,E,0.0,0.0,0.0,0.0,none,True
20,16,26,4,4.5,2.67,3,0.222,2,0.5,8.75,0.25,0.0,0.0,0.0,0.25,T,0.25,0.25,0.0,0.0,MC,True
20,17,22,4,4.5,1.33,2,0.389,1,0.25,8.25,0.25,0.25,0.0,0.0,0.0,C,0.25,0.25,0.0,0.0,MC,True
20,18,14,1,14.0,0.0,1,0.0,0,0.0,29.0,0.0,0.0,0.0,0.0,0.0,none,1.0,1.0,0.0,0.0,MC,True
20,19,20,1,20.0,0.0,1,0.0,1,1.0,22.0,1.0,1.0,0.0,0.0,0.0,C,1.0,1.0,0.0,0.0,MC,True
20,20,14,5,2.8,0.0,2,0.214,1,0.2,6.6,0.0,0.0,0.0,0.0,0.0,none,0.0,0.0,0.0,0.0,none,True
20,21,18,2,9.0,0.0,2,0.389,1,0.5,19.5,0.0,0.0,0.0,0.0,0.0,none,0.0,0.0,0.0,0.0,none,True
20,22,6,2,3.0,0.0,2,0.167,0,0.0,4.5,0.0,0.0,0.0,0.0,0.0,none,0.0,0.0,0.0,0.0,none,True
20,23,6,1,6.0,0.0,1,0.0,0,0.0,9.0,0.0,0.0,0.0,0.0,0.0,none,0.0,0.0,0.0,0.0,none,True
20,24,38,11,3.27,0.2,4,0.333,3,0.273,7.45,0.091,0.0,0.0,0.0,0.091,T,0.909,0.909,0.0,0.0,MC,True
20,25,4,1,4.0,0.0,1,0.0,0,0.0,9.0,0.0,0.0,0.0,0.0,0.0,none,0.0,0.0,0.0,0.0,none,True
20,26,62,9,2.89,4.5,3,0.333,2,0.222,5.89,0.111,0.111,0.0,0.0,0.0,C,0.778,0.778,0.0,0.0,MC,True
20,27,6,1,6.0,0.0,1,0.0,0,0.0,14.0,0.0,0.0,0.0,0.0,0.0,none,0.0,0.0,0.0,0.0,none,True
20,28,10,2,5.0,0.0,2,0.3,0,0.0,9.0,0.0,0.0,0.0,0.0,0.0,none,0.0,0.0,0.0,0.0,none,True
20,29,8,2,4.0,0.0,2,0.25,0,0.0,10.0,0.0,0.0,0.0,0.0,0.0,none,0.0,0.0,0.0,0.0,none,True
20,30,20,4,2.5,3.33,3,0.133,1,0.25,4.75,0.0,0.0,0.0,0.0,0.0,none,0.0,0.0,0.0,0.0,none,True
20,31,10,3,3.33,0.0,2,0.3,1,0.333,6.67,0.333,0.0,0.0,0.0,0.333,T,0.667,0.667,0.0,0.0,MC,True
20,32,78,12,6.42,0.09,3,0.338,3,0.25,11.17,0.083,0.083,0.0,0.0,0.0,C,0.75,0.75,0.0,0.0,MC,True
20,33,24,5,2.6,2.75,3,0.256,1,0.2,4.6,0.0,0.0,0.0,0.0,0.0,none,0.0,0.0,0.0,0.0,none,True
20,34,12,4,3.0,0.0,3,0.222,0,0.0,4.25,0.0,0.0,0.0,0.0,0.0,none,0.0,0.0,0.0,0.0,none,True
20,35,13,3,4.0,0.5,2,0.333,1,0.333,8.0,0.333,0.0,0.0,0.333,0.0,M,0.667,0.667,0.0,0.0,MC,True
20,36,448,33,13.21,0.38,4,0.562,9,0.273,27.39,0.091,0.091,0.0,0.0,0.0,C,0.909,0.455,0.455,0.0,MC,True
20,37,214,30,6.6,0.55,4,0.285,6,0.2,14.23,0.067,0.067,0.0,0.0,0.0,C,0.9,0.9,0.0,0.0,MC,True
20,38,10,2,5.0,0.0,2,0.1,0,0.0,9.0,0.0,0.0,0.0,0.0,0.0,none,0.5,0.5,0.0,0.0,MC,True
20,39,36,10,3.6,0.0,4,0.458,5,0.5,7.5,0.2,0.2,0.0,0.0,0.0,C,0.8,0.8,0.0,0.0,MC,True
20,40,46,8,5.75,0.0,3,0.29,2,0.25,11.75,0.125,0.125,0.0,0.0,0.0,C,0.375,0.375,0.0,0.0,MC,True
20,41,7,1,7.0,0.0,1,0.0,1,1.0,10.0,1.0,0.0,0.0,0.0,1.0,T,0.0,0.0,0.0,0.0,none,True
20,42,30,6,5.0,0.0,4,0.5,0,0.0,12.5,0.0,0.0,0.0,0.0,0.0,none,0.5,0.5,0.0,0.0,MC,True
20,43,22,4,4.0,2.0,2,0.125,0,0.0,4.75,0.0,0.0,0.0,0.0,0.0,none,0.0,0.0,0.0,0.0,none,True
20,44,16,2,8.0,0.0,2,0.125,1,0.5,21.0,0.0,0.0,0.0,0.0,0.0,none,0.0,0.0,0.0,0.0,none,True
20,45,104,12,6.83,2.0,3,0.341,2,0.167,11.83,0.167,0.083,0.0,0.083,0.0,C,0.75,0.75,0.0,0.0,MC,True
20,46,38,4,9.5,0.0,3,0.456,1,0.25,24.5,0.25,0.25,0.0,0.0,0.0,C,0.25,0.25,0.0,0.0,MC,True
20,47,138,17,4.82,3.5,2,0.024,1,0.059,7.88,0.059,0.059,0.0,0.0,0.0,C,0.176,0.176,0.0,0.0,MC,True
21,0,421,16,3.69,24.13,4,0.496,4,0.25,8.25,0.125,0.062,0.0,0.0,0.062,C,0.875,0.688,0.188,0.0,MC,True
21,1,37,8,3.38,1.43,3,0.469,2,0.25,7.88,0.0,0.0,0.0,0.0,0.0,none,0.875,0.875,0.0,0.0,MC,True
21,2,260,27,3.81,6.04,4,0.371,8,0.296,9.3,0.185,0.148,0.0,0.0,0.037,C,0.667,0.593,0.074,0.0,MC,True
21,3,32,11,1.55,1.5,3,0.157,1,0.091,5.18,0.182,0.091,0.0,0.091,0.0,C,0.636,0.636,0.0,0.0,MC,True
21,4,123,19,4.05,2.56,4,0.419,4,0.211,10.11,0.105,0.0,0.0,0.105,0.0,M,0.737,0.737,0.0,0.0,MC,True
21,5,140,18,5.5,2.41,2,0.086,7,0.389,10.61,0.056,0.056,0.0,0.0,0.0,C,0.944,0.944,0.0,0.0,MC,True
21,6,138,7,10.86,10.33,4,0.618,1,0.143,17.71,0.143,0.143,0.0,0.0,0.0,C,0.571,0.571,0.0,0.0,MC,True
21,7,78,16,2.88,2.13,2,0.152,11,0.688,7.31,0.125,0.062,0.0,0.0,0.062,C,0.5,0.5,0.0,0.0,MC,True
21,8,37,2,8.5,20.0,1,0.0,1,0.5,13.5,0.0,0.0,0.0,0.0,0.0,none,0.0,0.0,0.0,0.0,none,True
21,9,28,10,2.0,0.89,4,0.5,4,0.4,4.3,0.1,0.1,0.0,0.0,0.0,C,0.9,0.9,0.0,0.0,MC,True
21,10,66,19,3.37,0.11,3,0.292,9,0.474,8.84,0.053,0.053,0.0,0.0,0.0,C,0.947,0.947,0.0,0.0,MC,True
21,11,118,16,5.69,1.8,2,0.016,3,0.188,11.75,0.125,0.062,0.062,0.0,0.0,C,0.438,0.438,0.0,0.0,MC,True
21,12,154,14,8.93,2.23,2,0.004,1,0.071,20.07,0.071,0.071,0.0,0.0,0.0,C,0.5,0.5,0.0,0.0,MC,True
21,13,57,10,3.3,2.67,3,0.424,3,0.3,7.4,0.1,0.1,0.0,0.0,0.0,C,0.9,0.9,0.0,0.0,MC,True
21,14,84,10,7.6,0.89,3,0.272,2,0.2,18.6,0.1,0.1,0.0,0.0,0.0,C,0.9,0.9,0.0,0.0,MC,True
21,15,182,21,5.9,2.9,4,0.48,11,0.524,11.29,0.095,0.048,0.0,0.0,0.048,C,0.571,0.524,0.048,0.0,MC,True
21,16,24,4,1.5,6.0,2,0.333,2,0.5,7.0,0.25,0.25,0.0,0.0,0.0,C,0.75,0.75,0.0,0.0,MC,True
21,17,23,4,5.5,0.33,2,0.409,2,0.5,9.0,0.5,0.5,0.0,0.0,0.0,C,0.5,0.5,0.0,0.0,MC,True
21,18,261,28,6.04,3.41,4,0.469,10,0.357,12.86,0.071,0.071,0.0,0.0,0.0,C,0.857,0.857,0.0,0.0,MC,True
21,19,58,5,10.4,1.5,4,0.615,1,0.2,17.0,0.2,0.2,0.0,0.0,0.0,C,0.8,0.8,0.0,0.0,MC,True
21,20,31,9,3.33,0.12,3,0.289,3,0.333,6.0,0.111,0.111,0.0,0.0,0.0,C,0.889,0.889,0.0,0.0,MC,True
21,21,51,5,9.8,0.5,3,0.245,0,0.0,20.8,0.0,0.0,0.0,0.0,0.0,none,0.0,0.0,0.0,0.0,none,True
21,22,8,3,2.67,0.0,2,0.25,1,0.333,6.67,0.333,0.0,0.0,0.333,0.0,M,0.667,0.667,0.0,0.0,MC,True
21,23,52,3,3.33,21.0,2,0.2,1,0.333,7.67,0.667,0.667,0.0,0.0,0.0,C,0.333,0.333,0.0,0.0,MC,True
21,24,50,8,5.88,0.43,3,0.312,2,0.25,13.62,0.125,0.125,0.125,0.0,0.0,C,0.875,0.875,0.0,0.0,MC,True
21,25,141,15,5.4,4.29,4,0.213,7,0.467,10.27,0.267,0.267,0.0,0.0,0.0,C,0.6,0.6,0.0,0.0,MC,True
21,26,5,2,2.5,0.0,2,0.3,0,0.0,3.0,0.5,0.0,0.0,0.0,0.5,T,0.5,0.5,0.0,0.0,MC,True
21,27,25,5,3.2,2.25,3,0.083,0,0.0,8.6,0.0,0.0,0.0,0.0,0.0,none,1.0,0.0,0.8,0.2,TA,True
21,28,26,9,2.22,0.75,4,0.3,5,0.556,4.56,0.333,0.0,0.0,0.222,0.111,M,0.667,0.667,0.0,0.0,MC,True
21,29,15,2,4.5,6.0,1,0.0,1,0.5,9.5,1.0,1.0,0.0,0.0,0.0,C,0.0,0.0,0.0,0.0,none,True
22,0,6,2,3.0,0.0,2,0.167,1,0.5,3.0,0.5,0.0,0.0,0.0,0.5,T,0.5,0.5,0.0,0.0,MC,True
22,1,22,3,5.33,3.0,2,0.0,0,0.0,7.67,0.0,0.0,0.0,0.0,0.0,none,0.333,0.0,0.333,0.0,TA,True
22,2,128,12,4.67,6.55,4,0.446,1,0.083,7.58,0.0,0.0,0.0,0.0,0.0,none,0.833,0.0,0.833,0.0,TA,True
22,3,52,3,4.33,19.5,2,0.423,1,0.333,4.67,0.333,0.0,0.0,0.0,0.333,T,0.333,0.333,0.0,0.0,MC,True
22,4,6,2,2.0,2.0,2,0.25,1,0.5,6.5,0.5,0.5,0.0,0.0,0.0,C,0.5,0.5,0.0,0.0,MC,True
22,5,27,4,2.5,5.67,3,0.333,1,0.25,5.75,0.25,0.0,0.0,0.25,0.0,M,0.75,0.75,0.0,0.0,MC,True
22,6,278,14,7.64,13.15,4,0.591,3,0.214,10.21,0.214,0.071,0.071,0.0,0.071,C,0.0,0.0,0.0,0.0,none,True
22,7,155,22,4.55,2.62,3,0.173,5,0.227,8.14,0.182,0.182,0.0,0.0,0.0,C,0.545,0.545,0.0,0.0,MC,True
22,8,124,19,5.32,1.28,5,0.554,6,0.316,7.0,0.105,0.053,0.053,0.0,0.0,C,0.842,0.842,0.0,0.0,MC,True
22,9,119,28,3.93,0.33,4,0.2,4,0.143,8.39,0.071,0.071,0.0,0.0,0.0,C,0.679,0.679,0.0,0.0,MC,True
22,10,51,10,4.1,1.11,4,0.457,1,0.1,7.4,0.2,0.0,0.1,0.0,0.1,E,0.6,0.6,0.0,0.0,MC,True
22,11,11,4,2.5,0.33,2,0.2,3,0.75,9.5,0.75,0.75,0.0,0.0,0.0,C,0.25,0.25,0.0,0.0,MC,True
22,12,21,4,5.25,0.0,2,0.31,1,0.25,9.0,0.25,0.25,0.0,0.0,0.0,C,1.0,1.0,0.0,0.0,MC,True
22,13,56,7,4.43,4.17,3,0.151,2,0.286,9.57,0.286,0.286,0.0,0.0,0.0,C,0.714,0.714,0.0,0.0,MC,True
22,14,13,6,2.17,0.0,3,0.205,4,0.667,3.83,0.167,0.0,0.0,0.167,0.0,M,0.833,0.833,0.0,0.0,MC,True
22,15,73,12,5.75,0.36,5,0.481,6,0.5,10.58,0.333,0.25,0.0,0.083,0.0,C,0.667,0.667,0.0,0.0,MC,True
22,16,251,21,8.9,3.2,5,0.338,8,0.381,8.62,0.143,0.095,0.0,0.048,0.0,C,0.19,0.19,0.0,0.0,MC,True
22,17,40,5,8.0,0.0,3,0.267,4,0.8,12.4,0.6,0.6,0.0,0.0,0.0,C,0.2,0.2,0.0,0.0,MC,True
22,18,12,4,2.0,1.33,2,0.0,1,0.25,3.5,0.25,0.0,0.0,0.25,0.0,M,0.75,0.75,0.0,0.0,MC,True
22,19,134,19,7.05,0.0,4,0.5,13,0.684,17.53,0.053,0.053,0.0,0.0,0.0,C,0.947,0.947,0.0,0.0,MC,True
22,20,136,16,8.56,-0.07,4,0.484,4,0.25,21.5,0.0,0.0,0.0,0.0,0.0,none,1.0,1.0,0.0,0.0,MC,True
22,21,62,4,15.5,0.0,3,0.516,2,0.5,43.0,0.0,0.0,0.0,0.0,0.0,none,1.0,1.0,0.0,0.0,MC,True
22,22,55,7,7.71,0.17,5,0.533,3,0.429,17.43,0.429,0.286,0.0,0.0,0.143,C,0.571,0.571,0.0,0.0,MC,True
22,23,14,9,1.56,0.0,2,0.143,3,0.333,2.78,0.111,0.0,0.0,0.0,0.111,T,0.889,0.889,0.0,0.0,MC,True
22,24,171,13,13.0,0.17,5,0.383,5,0.385,21.38,0.077,0.077,0.0,0.0,0.0,C,0.923,0.923,0.0,0.0,MC,True
22,25,77,11,6.73,0.3,3,0.279,3,0.273,12.0,0.091,0.091,0.0,0.0,0.0,C,0.545,0.545,0.0,0.0,MC,True
22,26,64,6,10.5,0.2,2,0.341,2,0.333,23.0,0.167,0.167,0.0,0.0,0.0,C,0.833,0.833,0.0,0.0,MC,True
22,27,22,4,5.5,0.0,2,0.045,2,0.5,12.0,0.5,0.25,0.0,0.0,0.25,C,0.5,0.5,0.0,0.0,MC,True
22,28,222,25,5.88,3.12,4,0.366,7,0.28,11.68,0.16,0.04,0.0,0.12,0.0,M,0.76,0.76,0.0,0.0,MC,True
22,29,82,13,3.46,3.08,4,0.417,3,0.231,4.92,0.077,0.0,0.0,0.077,0.0,M,0.231,0.231,0.0,0.0,MC,True
22,30,48,7,3.71,3.67,2,0.346,2,0.286,7.57,0.143,0.143,0.0,0.0,0.0,C,0.857,0.857,0.0,0.0,MC,True
22,31,32,7,4.14,0.5,3,0.368,5,0.714,10.43,0.571,0.143,0.0,0.143,0.286,T,0.429,0.429,0.0,0.0,MC,True
22,32,143,15,9.53,0.0,6,0.418,6,0.4,22.33,0.067,0.067,0.0,0.0,0.0,C,0.733,0.733,0.0,0.0,MC,True
22,33,100,13,7.0,0.75,5,0.387,5,0.385,15.62,0.154,0.077,0.0,0.077,0.0,C,0.692,0.692,0.0,0.0,MC,True
23,0,157,29,5.28,0.14,4,0.534,8,0.276,11.62,0.034,0.034,0.0,0.0,0.0,C,0.966,0.0,0.0,0.966,RA,True
23,1,57,22,2.55,0.05,4,0.348,3,0.136,5.32,0.091,0.045,0.045,0.045,0.0,C,0.682,0.409,0.273,0.0,MC,True
23,2,123,30,3.83,0.28,5,0.417,10,0.333,6.57,0.1,0.033,0.0,0.0,0.067,T,0.9,0.9,0.0,0.0,MC,True
23,3,253,31,3.45,4.87,4,0.259,10,0.323,8.77,0.194,0.161,0.0,0.032,0.0,C,0.484,0.065,0.419,0.0,TA,True
23,4,41,11,1.73,2.2,3,0.246,4,0.364,4.09,0.091,0.091,0.0,0.0,0.0,C,0.818,0.818,0.0,0.0,MC,True
23,5,56,5,10.4,1.0,2,0.212,2,0.4,29.8,0.2,0.2,0.0,0.0,0.0,C,0.8,0.8,0.0,0.0,MC,True
23,6,55,5,11.0,0.0,2,0.355,3,0.6,28.4,0.2,0.2,0.0,0.0,0.0,C,0.8,0.8,0.0,0.0,MC,True
23,7,53,14,3.79,0.0,3,0.113,4,0.286,8.79,0.214,0.214,0.0,0.0,0.0,C,0.714,0.714,0.0,0.0,MC,True
23,8,25,3,8.33,0.0,2,0.34,1,0.333,18.33,0.333,0.333,0.0,0.0,0.0,C,0.667,0.667,0.0,0.0,MC,True
23,9,318,43,6.84,0.57,4,0.486,7,0.163,13.42,0.093,0.047,0.0,0.023,0.023,C,0.791,0.791,0.0,0.0,MC,True
23,10,46,8,5.75,0.0,3,0.246,1,0.125,10.75,0.125,0.125,0.0,0.0,0.0,C,0.75,0.0,0.75,0.0,TA,True
23,11,287,83,3.11,0.35,5,0.403,14,0.169,6.46,0.06,0.036,0.024,0.0,0.0,C,0.627,0.627,0.0,0.0,MC,True
23,12,134,20,4.85,1.95,4,0.348,6,0.3,11.7,0.1,0.1,0.0,0.0,0.0,C,0.9,0.9,0.0,0.0,MC,True
23,13,335,73,4.05,0.54,5,0.446,24,0.329,8.64,0.123,0.11,0.0,0.0,0.014,C,0.836,0.836,0.0,0.0,MC,True
23,14,32,4,8.0,0.0,3,0.208,0,0.0,16.75,0.25,0.25,0.0,0.0,0.0,C,0.75,0.75,0.0,0.0,MC,True
23,15,101,16,5.25,1.13,4,0.482,4,0.25,9.19,0.188,0.125,0.0,0.0,0.062,C,0.75,0.75,0.0,0.0,MC,True
23,16,94,10,7.0,2.67,4,0.236,2,0.2,13.6,0.1,0.1,0.0,0.0,0.0,C,0.9,0.9,0.0,0.0,MC,True
23,17,283,38,6.45,1.03,4,0.126,10,0.263,15.13,0.132,0.079,0.0,0.0,0.053,C,0.895,0.895,0.0,0.0,MC,True
23,18,37,5,4.2,4.0,3,0.476,1,0.2,9.2,0.2,0.2,0.0,0.0,0.0,C,0.6,0.6,0.0,0.0,MC,True
23,19,396,88,3.15,1.37,5,0.436,23,0.261,8.01,0.159,0.034,0.0,0.091,0.034,M,0.591,0.591,0.0,0.0,MC,True
23,20,182,36,3.22,1.89,5,0.469,11,0.306,8.0,0.056,0.056,0.0,0.0,0.0,C,0.694,0.694,0.0,0.0,MC,True
23,21,23,5,4.6,0.0,3,0.522,1,0.2,7.6,0.2,0.2,0.0,0.0,0.0,C,0.8,0.8,0.0,0.0,MC,True
23,22,147,24,4.67,1.52,3,0.101,7,0.292,11.08,0.125,0.125,0.0,0.0,0.0,C,0.875,0.875,0.0,0.0,MC,True
24,0,27,4,4.25,3.33,2,0.382,1,0.25,8.75,0.25,0.25,0.0,0.0,0.0,C,0.25,0.25,,0.0,MC,False
24,1,31,1,31.0,0.0,1,0.0,0,0.0,74.0,0.0,0.0,0.0,0.0,0.0,none,0.0,0.0,,0.0,none,False
24,2,9,6,1.5,0.0,3,0.148,1,0.167,2.67,0.0,0.0,0.0,0.0,0.0,none,0.0,0.0,,0.0,none,False
24,3,31,5,5.2,1.25,2,0.115,3,0.6,11.0,0.4,0.0,0.0,0.4,0.0,M,0.6,0.6,,0.0,MC,False
24,4,40,9,3.56,1.0,3,0.333,3,0.333,5.33,0.111,0.0,0.0,0.0,0.111,T,0.889,0.889,,0.0,MC,False
24,5,7,2,3.0,1.0,2,0.333,0,0.0,3.5,0.0,0.0,0.0,0.0,0.0,none,0.5,0.5,,0.0,MC,False
24,6,8,1,8.0,0.0,1,0.0,0,0.0,6.0,0.0,0.0,0.0,0.0,0.0,none,0.0,0.0,,0.0,none,False
24,7,10,1,10.0,0.0,1,0.0,0,0.0,20.0,0.0,0.0,0.0,0.0,0.0,none,0.0,0.0,,0.0,none,False
24,8,68,11,5.82,0.4,3,0.302,1,0.091,12.64,0.182,0.091,0.0,0.091,0.0,C,0.182,0.182,,0.0,MC,False
24,9,24,8,2.5,0.57,3,0.167,3,0.375,5.25,0.0,0.0,0.0,0.0,0.0,none,1.0,1.0,,0.0,MC,False
24,10,42,14,2.71,0.31,3,0.439,3,0.214,6.43,0.071,0.071,0.0,0.0,0.0,C,0.571,0.571,,0.0,MC,False
24,11,90,13,6.31,0.67,4,0.317,4,0.308,15.31,0.077,0.077,0.0,0.0,0.0,C,0.385,0.385,,0.0,MC,False
24,12,51,2,5.5,40.0,2,0.045,0,0.0,9.5,0.0,0.0,0.0,0.0,0.0,none,0.0,0.0,,0.0,none,False
24,13,11,5,1.0,1.5,2,0.1,3,0.6,3.0,0.4,0.2,0.0,0.0,0.2,C,0.6,0.6,,0.0,MC,False
24,14,37,7,5.29,0.0,3,0.108,2,0.286,9.29,0.143,0.143,0.0,0.0,0.0,C,0.857,0.857,,0.0,MC,False
24,15,1,1,1.0,0.0,1,0.0,1,1.0,2.0,0.0,0.0,0.0,0.0,0.0,none,0.0,0.0,,0.0,none,False
24,16,30,5,6.0,0.0,2,0.3,1,0.2,16.4,0.2,0.2,0.0,0.0,0.0,C,0.8,0.8,,0.0,MC,False
24,17,25,6,4.17,0.0,2,0.26,3,0.5,9.17,0.167,0.167,0.0,0.0,0.0,C,0.833,0.833,,0.0,MC,False
24,18,9,1,9.0,0.0,1,0.0,0,0.0,19.0,0.0,0.0,0.0,0.0,0.0,none,0.0,0.0,,0.0,none,False
24,19,12,4,3.0,0.0,2,0.083,1,0.25,6.0,0.25,0.25,0.0,0.0,0.0,C,0.75,0.75,,0.0,MC,False
24,20,107,8,11.88,1.71,4,0.255,2,0.25,28.0,0.125,0.125,0.0,0.0,0.0,C,0.875,0.875,,0.0,MC,False
24,21,57,6,5.67,4.6,3,0.392,3,0.5,12.17,0.333,0.333,0.0,0.0,0.0,C,0.667,0.667,,0.0,MC,False
24,22,17,2,8.5,0.0,2,0.324,2,1.0,17.5,0.0,0.0,0.0,0.0,0.0,none,0.0,0.0,,0.0,none,False
24,23,8,2,4.0,0.0,2,0.25,1,0.5,10.0,0.5,0.5,0.0,0.0,0.0,C,0.5,0.5,,0.0,MC,False
24,24,64,6,2.83,9.4,2,0.265,1,0.167,5.67,0.0,0.0,0.0,0.0,0.0,none,0.333,0.333,,0.0,MC,False
24,25,114,11,4.0,7.0,2,0.114,4,0.364,7.09,0.091,0.091,0.0,0.0,0.0,C,0.545,0.545,,0.0,MC,False
24,26,35,8,4.38,0.0,2,0.186,1,0.125,12.75,0.125,0.125,0.0,0.0,0.0,C,0.875,0.875,,0.0,MC,False
24,27,9,2,4.5,0.0,2,0.389,1,0.5,3.5,0.5,0.5,0.0,0.0,0.0,C,0.5,0.5,,0.0,MC,False
24,28,22,4,5.5,0.0,2,0.364,1,0.25,6.75,0.25,0.25,0.0,0.0,0.0,C,0.75,0.75,,0.0,MC,False
24,29,26,2,17.0,-8.0,2,0.059,1,0.5,13.5,0.5,0.5,0.0,0.0,0.0,C,0.5,0.5,,0.0,MC,False
24,30,28,9,3.11,0.0,2,0.071,2,0.222,8.22,0.111,0.111,0.0,0.0,0.0,C,0.889,0.889,,0.0,MC,False
24,31,23,4,3.5,3.0,2,0.357,4,1.0,7.5,0.5,0.0,0.0,0.5,0.0,M,0.25,0.25,,0.0,MC,False
24,32,45,7,4.29,2.5,3,0.578,2,0.286,9.29,0.143,0.0,0.0,0.143,0.0,M,0.143,0.143,,0.0,MC,False
24,33,39,16,2.44,0.0,2,0.192,6,0.375,6.38,0.062,0.0,0.062,0.0,0.0,E,0.938,0.938,,0.0,MC,False
24,34,23,9,2.11,0.5,3,0.456,0,0.0,4.78,0.0,0.0,0.0,0.0,0.0,none,1.0,1.0,,0.0,MC,False
24,35,5,1,5.0,0.0,1,0.0,1,1.0,12.0,0.0,0.0,0.0,0.0,0.0,none,1.0,1.0,,0.0,MC,False
25,0,214,9,2.56,23.88,3,0.232,2,0.222,8.33,0.333,0.222,0.111,0.0,0.0,C,0.778,0.778,0.0,0.0,MC,True
25,1,10,1,10.0,0.0,1,0.0,1,1.0,4.0,0.0,0.0,0.0,0.0,0.0,none,0.0,0.0,0.0,0.0,none,True
25,2,7,2,3.5,0.0,2,0.214,0,0.0,7.0,0.0,0.0,0.0,0.0,0.0,none,1.0,1.0,0.0,0.0,MC,True
25,3,129,26,3.04,2.0,4,0.25,12,0.462,5.19,0.115,0.038,0.0,0.077,0.0,M,0.077,0.077,0.0,0.0,MC,True
25,4,98,17,4.76,1.06,3,0.453,2,0.118,11.76,0.0,0.0,0.0,0.0,0.0,none,0.059,0.059,0.0,0.0,MC,True
25,5,306,53,4.83,0.96,5,0.43,18,0.34,9.45,0.094,0.075,0.0,0.019,0.0,C,0.906,0.906,0.0,0.0,MC,True
25,6,231,19,10.74,1.5,5,0.476,6,0.316,20.47,0.105,0.0,0.053,0.105,0.0,M,0.789,0.263,0.526,0.0,TA,True
25,7,553,48,10.81,0.72,5,0.401,12,0.25,22.62,0.229,0.167,0.0,0.042,0.021,C,0.688,0.583,0.104,0.0,MC,True
25,8,294,54,4.65,0.81,5,0.376,14,0.259,10.54,0.093,0.074,0.0,0.019,0.0,C,0.907,0.241,0.204,0.463,RA,True
25,9,22,5,3.8,0.75,3,0.351,1,0.2,6.0,0.2,0.2,0.0,0.0,0.0,C,0.8,0.8,0.0,0.0,MC,True
25,10,41,9,3.56,1.12,3,0.229,3,0.333,9.44,0.111,0.0,0.0,0.111,0.0,M,0.889,0.889,0.0,0.0,MC,True
25,11,87,8,5.12,6.57,3,0.472,3,0.375,12.38,0.125,0.125,0.0,0.0,0.0,C,0.125,0.125,0.0,0.0,MC,True
25,12,70,17,2.59,1.62,4,0.511,4,0.235,6.71,0.118,0.0,0.0,0.118,0.0,M,0.706,0.706,0.0,0.0,MC,True
25,13,198,30,3.83,2.86,5,0.483,13,0.433,8.57,0.1,0.033,0.0,0.067,0.0,M,0.467,0.467,0.0,0.0,MC,True
25,14,133,15,6.27,2.79,4,0.319,5,0.333,11.8,0.2,0.133,0.0,0.067,0.0,C,0.733,0.733,0.0,0.0,MC,True
25,15,201,24,5.0,3.52,5,0.3,6,0.25,8.58,0.167,0.167,0.0,0.0,0.0,C,0.542,0.542,0.0,0.0,MC,True
25,16,2,1,2.0,0.0,1,0.0,1,1.0,4.0,0.0,0.0,0.0,0.0,0.0,none,0.0,0.0,0.0,0.0,none,True
25,17,88,13,2.15,5.0,2,0.0,4,0.308,5.31,0.231,0.0,0.077,0.154,0.0,M,0.462,0.462,0.0,0.0,MC,True
26,0,5,2,2.5,0.0,2,0.3,1,0.5,7.5,0.0,0.0,0.0,0.0,0.0,none,0.0,0.0,,0.0,none,False
26,1,363,70,4.57,0.62,4,0.109,14,0.2,8.94,0.157,0.1,0.029,0.0,0.029,C,0.743,0.729,,0.014,MC,False
26,2,12,2,5.0,2.0,2,0.4,1,0.5,11.0,0.5,0.5,0.0,0.0,0.0,C,0.0,0.0,,0.0,none,False
26,3,14,5,1.0,2.25,3,0.267,0,0.0,2.8,0.0,0.0,0.0,0.0,0.0,none,0.0,0.0,,0.0,none,False
26,4,36,9,2.89,1.25,2,0.115,3,0.333,7.22,0.111,0.111,0.0,0.0,0.0,C,0.111,0.111,,0.0,MC,False
26,5,16,2,3.5,9.0,1,0.0,1,0.5,3.5,0.0,0.0,0.0,0.0,0.0,none,0.0,0.0,,0.0,none,False
26,6,97,22,4.14,0.29,4,0.288,5,0.227,8.82,0.091,0.091,0.0,0.0,0.0,C,0.364,0.364,,0.0,MC,False
26,7,227,45,4.76,0.3,4,0.21,10,0.222,11.0,0.044,0.022,0.0,0.0,0.022,C,0.733,0.733,,0.0,MC,False
26,8,6,3,1.67,0.5,2,0.1,1,0.333,4.67,0.333,0.333,0.0,0.0,0.0,C,0.333,0.333,,0.0,MC,False
26,9,10,3,3.0,0.5,2,0.167,1,0.333,9.0,0.333,0.333,0.0,0.0,0.0,C,0.0,0.0,,0.0,none,False
26,10,9,2,4.0,1.0,2,0.125,0,0.0,12.0,0.0,0.0,0.0,0.0,0.0,none,0.0,0.0,,0.0,none,False
26,11,46,14,1.71,1.69,4,0.25,5,0.357,5.36,0.143,0.0,0.0,0.071,0.071,M,0.714,0.714,,0.0,MC,False
26,12,26,2,6.0,14.0,2,0.083,0,0.0,11.5,0.0,0.0,0.0,0.0,0.0,none,0.0,0.0,,0.0,none,False
26,13,80,20,3.25,0.79,4,0.558,5,0.25,7.5,0.05,0.0,0.0,0.0,0.05,T,0.95,0.95,,0.0,MC,False
26,14,4,2,2.0,0.0,2,0.0,0,0.0,1.0,0.0,0.0,0.0,0.0,0.0,none,0.0,0.0,,0.0,none,False
26,15,4,1,4.0,0.0,1,0.0,0,0.0,12.0,0.0,0.0,0.0,0.0,0.0,none,1.0,1.0,,0.0,MC,False
26,16,62,19,3.37,-0.11,3,0.354,6,0.316,7.42,0.053,0.053,0.0,0.0,0.0,C,0.947,0.947,,0.0,MC,False
26,17,16,4,4.0,0.0,3,0.167,2,0.5,10.75,0.0,0.0,0.0,0.0,0.0,none,0.0,0.0,,0.0,none,False
26,18,8,2,4.0,0.0,2,0.0,1,0.5,4.0,0.5,0.5,0.0,0.0,0.0,C,0.5,0.5,,0.0,MC,False
26,19,14,4,3.5,0.0,4,0.321,2,0.5,3.0,0.25,0.25,0.0,0.0,0.0,C,0.75,0.75,,0.0,MC,False
26,20,54,15,3.6,0.0,3,0.099,3,0.2,7.07,0.133,0.133,0.0,0.0,0.0,C,0.667,0.667,,0.0,MC,False
26,21,130,26,4.77,0.24,4,0.411,6,0.231,9.58,0.115,0.115,0.0,0.0,0.0,C,0.769,0.769,,0.0,MC,False
26,22,48,9,5.11,0.25,3,0.203,1,0.111,12.33,0.111,0.111,0.0,0.0,0.0,C,0.556,0.556,,0.0,MC,False
26,23,8,2,4.0,0.0,2,0.25,1,0.5,4.0,0.5,0.5,0.0,0.0,0.0,C,0.5,0.5,,0.0,MC,False
26,24,40,7,5.14,0.67,3,0.296,1,0.143,10.86,0.0,0.0,0.0,0.0,0.0,none,0.0,0.0,,0.0,none,False
26,25,60,4,7.0,10.67,2,0.214,1,0.25,12.25,0.25,0.25,0.0,0.0,0.0,C,0.75,0.75,,0.0,MC,False
26,26,34,5,6.6,0.25,3,0.343,2,0.4,14.6,0.2,0.2,0.0,0.0,0.0,C,0.2,0.2,,0.0,MC,False
26,27,70,13,5.08,0.33,4,0.462,3,0.231,9.0,0.077,0.077,0.0,0.0,0.0,C,0.462,0.462,,0.0,MC,False
26,28,14,2,5.5,3.0,1,0.0,2,1.0,10.0,0.0,0.0,0.0,0.0,0.0,none,0.0,0.0,,0.0,none,False
26,29,180,38,3.13,1.65,4,0.334,7,0.184,7.16,0.053,0.053,0.0,0.0,0.0,C,0.895,0.895,,0.0,MC,False
26,30,10,3,3.33,0.0,3,0.133,1,0.333,6.0,0.0,0.0,0.0,0.0,0.0,none,1.0,1.0,,0.0,MC,False
26,31,63,11,4.64,1.2,3,0.327,4,0.364,11.91,0.0,0.0,0.0,0.0,0.0,none,0.818,0.818,,0.0,MC,False
26,32,75,9,7.22,1.25,3,0.359,3,0.333,16.11,0.111,0.111,0.0,0.0,0.0,C,0.111,0.111,,0.0,MC,False
26,33,170,29,5.59,0.29,4,0.355,9,0.31,13.1,0.069,0.069,0.0,0.0,0.0,C,0.69,0.69,,0.0,MC,False
26,34,22,3,4.67,4.0,3,0.095,1,0.333,12.67,0.0,0.0,0.0,0.0,0.0,none,0.0,0.0,,0.0,none,False
26,35,104,12,6.83,2.0,4,0.317,8,0.667,13.5,0.167,0.167,0.0,0.0,0.0,C,0.333,0.333,,0.0,MC,False
26,36,8,3,2.67,0.0,2,0.25,2,0.667,4.0,0.333,0.333,0.0,0.0,0.0,C,0.667,0.667,,0.0,MC,False
26,37,46,8,5.5,0.29,4,0.477,3,0.375,11.12,0.25,0.25,0.0,0.0,0.0,C,0.375,0.375,,0.0,MC,False
26,38,68,7,8.29,1.67,3,0.138,0,0.0,14.86,0.0,0.0,0.0,0.0,0.0,none,0.0,0.0,,0.0,none,False
26,39,2,1,2.0,0.0,1,0.0,0,0.0,1.0,0.0,0.0,0.0,0.0,0.0,none,0.0,0.0,,0.0,none,False
26,40,96,14,5.29,1.69,3,0.09,9,0.643,10.29,0.071,0.0,0.0,0.071,0.0,M,0.714,0.714,,0.0,MC,False
26,41,42,11,3.82,0.0,3,0.286,2,0.182,7.82,0.091,0.091,0.0,0.0,0.0,C,0.727,0.727,,0.0,MC,False
26,42,22,3,6.67,1.0,2,0.2,3,1.0,14.0,0.0,0.0,0.0,0.0,0.0,none,0.0,0.0,,0.0,none,False
26,43,30,5,5.2,1.0,3,0.359,2,0.4,11.6,0.0,0.0,0.0,0.0,0.0,none,0.0,0.0,,0.0,none,False
26,44,102,21,4.48,0.4,4,0.378,8,0.381,10.1,0.143,0.143,0.0,0.0,0.0,C,0.857,0.857,,0.0,MC,False
26,45,150,24,4.83,1.48,4,0.328,12,0.5,10.5,0.208,0.208,0.0,0.0,0.0,C,0.75,0.75,,0.0,MC,False
26,46,28,6,4.33,0.4,3,0.436,4,0.667,9.83,0.167,0.167,0.0,0.0,0.0,C,0.833,0.833,,0.0,MC,False
27,0,122,17,7.12,0.06,4,0.452,4,0.235,14.59,0.059,0.059,0.0,0.0,0.0,C,0.118,0.118,0.0,0.0,MC,True
27,1,143,21,6.05,0.8,3,0.226,5,0.238,15.1,0.048,0.0,0.0,0.048,0.0,M,0.952,0.0,0.905,0.048,TA,True
27,2,156,12,11.75,1.36,2,0.131,4,0.333,25.25,0.083,0.083,0.0,0.0,0.0,C,0.917,0.25,0.0,0.667,RA,True
27,3,109,9,12.11,0.0,3,0.446,2,0.222,25.67,0.111,0.111,0.0,0.0,0.0,C,0.889,0.667,0.0,0.222,MC,True
27,4,15,7,2.14,0.0,2,0.167,2,0.286,5.57,0.0,0.0,0.0,0.0,0.0,none,1.0,0.0,0.0,1.0,RA,True
27,5,163,36,3.81,0.74,4,0.436,12,0.333,8.31,0.0,0.0,0.0,0.0,0.0,none,0.083,0.0,0.083,0.0,TA,True
27,6,68,6,8.0,4.0,2,0.458,2,0.333,14.83,0.167,0.167,0.0,0.0,0.0,C,0.667,0.667,0.0,0.0,MC,True
27,7,11,2,1.5,8.0,2,0.167,0,0.0,7.5,0.0,0.0,0.0,0.0,0.0,none,1.0,1.0,0.0,0.0,MC,True
27,8,59,2,8.0,43.0,1,0.0,2,1.0,12.0,0.0,0.0,0.0,0.0,0.0,none,0.0,0.0,0.0,0.0,none,True
27,9,14,6,1.33,1.2,4,0.375,1,0.167,3.0,0.333,0.0,0.333,0.0,0.0,E,0.667,0.667,0.0,0.0,MC,True
27,10,51,9,3.33,2.62,3,0.289,3,0.333,5.44,0.111,0.111,0.0,0.0,0.0,C,0.556,0.556,0.0,0.0,MC,True
27,11,3,3,1.0,0.0,3,0.0,2,0.667,1.67,0.0,0.0,0.0,0.0,0.0,none,0.0,0.0,0.0,0.0,none,True
27,12,31,3,7.0,5.0,3,0.349,1,0.333,15.0,0.333,0.0,0.333,0.0,0.0,E,0.667,0.667,0.0,0.0,MC,True
27,13,45,6,5.0,3.0,2,0.233,1,0.167,10.17,0.167,0.167,0.0,0.0,0.0,C,0.833,0.833,0.0,0.0,MC,True
27,14,16,2,7.5,1.0,2,0.033,2,1.0,14.0,0.5,0.5,0.0,0.0,0.0,C,0.5,0.5,0.0,0.0,MC,True
27,15,34,3,9.0,3.5,2,0.241,2,0.667,10.33,0.333,0.333,0.0,0.0,0.0,C,0.667,0.667,0.0,0.0,MC,True
27,16,46,7,5.14,1.67,2,0.056,5,0.714,13.0,0.286,0.286,0.0,0.0,0.0,C,0.571,0.571,0.0,0.0,MC,True
27,17,10,2,3.5,3.0,1,0.0,2,1.0,5.0,0.5,0.5,0.0,0.0,0.0,C,0.0,0.0,0.0,0.0,none,True
27,18,15,2,4.0,7.0,2,0.125,2,1.0,9.5,0.5,0.5,0.0,0.0,0.0,C,0.5,0.5,0.0,0.0,MC,True
27,19,3608,6,601.83,-718.4,3,0.664,1,0.167,5.33,0.167,0.0,0.0,0.167,0.0,M,0.833,0.833,0.0,0.0,MC,True
27,20,5,2,2.5,0.0,2,0.1,1,0.5,6.0,0.0,0.0,0.0,0.0,0.0,none,0.0,0.0,0.0,0.0,none,True
27,21,10,2,5.0,0.0,2,0.4,1,0.5,6.0,0.0,0.0,0.0,0.0,0.0,none,1.0,1.0,0.0,0.0,MC,True
27,22,97,7,5.71,9.5,3,0.6,2,0.286,10.29,0.143,0.143,0.0,0.0,0.0,C,0.714,0.714,0.0,0.0,MC,True
27,23,2,1,2.0,0.0,1,0.0,0,0.0,5.0,0.0,0.0,0.0,0.0,0.0,none,0.0,0.0,0.0,0.0,none,True
27,24,6,3,2.0,0.0,2,0.333,1,0.333,6.67,0.333,0.333,0.0,0.0,0.0,C,0.667,0.667,0.0,0.0,MC,True
27,25,3,1,3.0,0.0,1,0.0,0,0.0,9.0,1.0,0.0,0.0,0.0,1.0,T,0.0,0.0,0.0,0.0,none,True
27,26,3,1,3.0,0.0,1,0.0,1,1.0,16.0,1.0,1.0,0.0,0.0,0.0,C,0.0,0.0,0.0,0.0,none,True
27,27,110,13,7.31,1.25,2,0.268,4,0.308,17.46,0.077,0.0,0.077,0.0,0.0,E,0.231,0.154,0.0,0.077,MC,True
27,28,61,16,3.56,0.27,3,0.409,3,0.188,9.5,0.062,0.0,0.062,0.0,0.0,E,0.938,0.938,0.0,0.0,MC,True
27,29,55,9,5.67,0.5,2,0.01,3,0.333,13.78,0.0,0.0,0.0,0.0,0.0,none,0.0,0.0,0.0,0.0,none,True
27,30,227,23,8.65,1.27,3,0.439,8,0.348,20.22,0.087,0.087,0.0,0.0,0.0,C,0.87,0.87,0.0,0.0,MC,True
27,31,11,1,11.0,0.0,1,0.0,1,1.0,19.0,0.0,0.0,0.0,0.0,0.0,none,0.0,0.0,0.0,0.0,none,True
27,32,90,18,3.5,1.59,4,0.488,7,0.389,7.67,0.222,0.222,0.0,0.0,0.0,C,0.278,0.278,0.0,0.0,MC,True
27,33,4,2,2.0,0.0,2,0.25,2,1.0,3.0,0.5,0.0,0.0,0.5,0.0,M,0.5,0.5,0.0,0.0,MC,True
27,34,194,32,5.88,0.19,4,0.274,7,0.219,14.28,0.062,0.062,0.0,0.0,0.0,C,0.938,0.938,0.0,0.0,MC,True
27,35,18,5,3.6,0.0,3,0.333,1,0.2,7.8,0.2,0.0,0.2,0.0,0.0,E,0.8,0.8,0.0,0.0,MC,True
27,36,112,26,3.38,0.96,4,0.438,10,0.385,6.96,0.077,0.0,0.0,0.077,0.0,M,0.846,0.654,0.192,0.0,MC,True
28,0,1,1,1.0,0.0,1,0.0,0,0.0,4.0,0.0,0.0,0.0,0.0,0.0,none,1.0,1.0,,0.0,MC,False
28,1,1,1,1.0,0.0,1,0.0,0,0.0,4.0,0.0,0.0,0.0,0.0,0.0,none,1.0,1.0,,0.0,MC,False
28,2,130,16,2.25,6.27,3,0.296,6,0.375,6.5,0.125,0.0,0.0,0.125,0.0,M,0.25,0.25,,0.0,MC,False
28,3,135,9,13.11,2.12,3,0.463,1,0.111,30.0,0.0,0.0,0.0,0.0,0.0,none,0.0,0.0,,0.0,none,False
28,4,214,22,8.09,1.71,4,0.497,7,0.318,14.36,0.227,0.227,0.0,0.0,0.0,C,0.591,0.591,,0.0,MC,False
28,5,94,13,4.54,2.92,4,0.377,6,0.462,10.69,0.154,0.077,0.0,0.077,0.0,C,0.231,0.0,,0.231,RA,False
28,6,24,7,3.43,0.0,3,0.222,1,0.143,11.29,0.0,0.0,0.0,0.0,0.0,none,0.714,0.714,,0.0,MC,False
28,7,29,7,4.14,0.0,3,0.345,2,0.286,11.29,0.143,0.0,0.0,0.143,0.0,M,0.857,0.857,,0.0,MC,False
28,8,81,21,3.48,0.4,4,0.202,3,0.143,6.48,0.048,0.048,0.0,0.0,0.0,C,0.952,0.952,,0.0,MC,False
28,9,106,22,4.09,0.76,3,0.23,2,0.091,8.05,0.091,0.045,0.0,0.045,0.0,C,0.545,0.545,,0.0,MC,False
28,10,8,2,4.0,0.0,2,0.25,0,0.0,10.5,0.0,0.0,0.0,0.0,0.0,none,0.5,0.5,,0.0,MC,False
28,11,56,10,4.8,0.89,4,0.354,2,0.2,7.4,0.0,0.0,0.0,0.0,0.0,none,0.0,0.0,,0.0,none,False
28,12,79,14,4.86,0.85,5,0.576,1,0.071,12.64,0.071,0.0,0.071,0.0,0.0,E,0.786,0.786,,0.0,MC,False
28,13,10,2,5.0,0.0,2,0.1,0,0.0,7.5,0.0,0.0,0.0,0.0,0.0,none,0.0,0.0,,0.0,none,False
